Wavelength (nm),Abs,,,,,,,,,,,,,,,,,,,,,,
800,-0.000291947,,,,,,,,,,,,,,,,,,,,,,
799,-0.001159075,,,,,,,,,,,,,,,,,,,,,,
798,0.000739959,,,,,,,,,,,,,,,,,,,,,,
797,-0.000635398,,,,,,,,,,,,,,,,,,,,,,
796,0.001117562,,,,,,,,,,,,,,,,,,,,,,
795,0.001317755,,,,,,,,,,,,,,,,,,,,,,
794,0.000120335,,,,,,,,,,,,,,,,,,,,,,
793,0.000777196,,,,,,,,,,,,,,,,,,,,,,
792,-0.000214749,,,,,,,,,,,,,,,,,,,,,,
791,0.000742163,,,,,,,,,,,,,,,,,,,,,,
790,-0.000223545,,,,,,,,,,,,,,,,,,,,,,
789,0.00043518,,,,,,,,,,,,,,,,,,,,,,
788,0.00020794,,,,,,,,,,,,,,,,,,,,,,
787,0.000828649,,,,,,,,,,,,,,,,,,,,,,
786,-0.000406789,,,,,,,,,,,,,,,,,,,,,,
785,8.55E-05,,,,,,,,,,,,,,,,,,,,,,
784,-3.04E-05,,,,,,,,,,,,,,,,,,,,,,
783,0.001390436,,,,,,,,,,,,,,,,,,,,,,
782,-8.49E-05,,,,,,,,,,,,,,,,,,,,,,
781,0.000616783,,,,,,,,,,,,,,,,,,,,,,
780,0.000971265,,,,,,,,,,,,,,,,,,,,,,
779,0.000646673,,,,,,,,,,,,,,,,,,,,,,
778,0.000523315,,,,,,,,,,,,,,,,,,,,,,
777,0.000275799,,,,,,,,,,,,,,,,,,,,,,
776,0.000575697,,,,,,,,,,,,,,,,,,,,,,
775,-0.000666828,,,,,,,,,,,,,,,,,,,,,,
774,-0.000611617,,,,,,,,,,,,,,,,,,,,,,
773,-0.000503656,,,,,,,,,,,,,,,,,,,,,,
772,9.66E-06,,,,,,,,,,,,,,,,,,,,,,
771,0.000653206,,,,,,,,,,,,,,,,,,,,,,
770,0.000265438,,,,,,,,,,,,,,,,,,,,,,
769,-0.000288688,,,,,,,,,,,,,,,,,,,,,,
768,6.13E-05,,,,,,,,,,,,,,,,,,,,,,
767,-0.000220906,,,,,,,,,,,,,,,,,,,,,,
766,0.000327011,,,,,,,,,,,,,,,,,,,,,,
765,-0.000329921,,,,,,,,,,,,,,,,,,,,,,
764,-0.000970364,,,,,,,,,,,,,,,,,,,,,,
763,-0.000415168,,,,,,,,,,,,,,,,,,,,,,
762,-0.000408444,,,,,,,,,,,,,,,,,,,,,,
761,-0.000701564,,,,,,,,,,,,,,,,,,,,,,
760,-0.001959747,,,,,,,,,,,,,,,,,,,,,,
759,-0.001939595,,,,,,,,,,,,,,,,,,,,,,
758,-0.001659275,,,,,,,,,,,,,,,,,,,,,,
757,-0.001920627,,,,,,,,,,,,,,,,,,,,,,
756,-0.002457945,,,,,,,,,,,,,,,,,,,,,,
755,-0.001507774,,,,,,,,,,,,,,,,,,,,,,
754,-0.002117582,,,,,,,,,,,,,,,,,,,,,,
753,-0.002750869,,,,,,,,,,,,,,,,,,,,,,
752,-0.002155036,,,,,,,,,,,,,,,,,,,,,,
751,-0.002610607,,,,,,,,,,,,,,,,,,,,,,
750,-0.003419962,,,,,,,,,,,,,,,,,,,,,,
749,-0.004044071,,,,,,,,,,,,,,,,,,,,,,
748,-0.003769777,,,,,,,,,,,,,,,,,,,,,,
747,-0.004443914,,,,,,,,,,,,,,,,,,,,,,
746,-0.004501407,,,,,,,,,,,,,,,,,,,,,,
745,-0.00506205,,,,,,,,,,,,,,,,,,,,,,
744,-0.005341564,,,,,,,,,,,,,,,,,,,,,,
743,-0.005681404,,,,,,,,,,,,,,,,,,,,,,
742,-0.006210672,,,,,,,,,,,,,,,,,,,,,,
741,-0.005852705,,,,,,,,,,,,,,,,,,,,,,
740,-0.006226544,,,,,,,,,,,,,,,,,,,,,,
739,-0.007443502,,,,,,,,,,,,,,,,,,,,,,
738,-0.007125105,,,,,,,,,,,,,,,,,,,,,,
737,-0.008064146,,,,,,,,,,,,,,,,,,,,,,
736,-0.008355294,,,,,,,,,,,,,,,,,,,,,,
735,-0.009198225,,,,,,,,,,,,,,,,,,,,,,
734,-0.010153889,,,,,,,,,,,,,,,,,,,,,,
733,-0.010928622,,,,,,,,,,,,,,,,,,,,,,
732,-0.011809808,,,,,,,,,,,,,,,,,,,,,,
731,-0.012474507,,,,,,,,,,,,,,,,,,,,,,
730,-0.013578025,,,,,,,,,,,,,,,,,,,,,,
729,-0.014465625,,,,,,,,,,,,,,,,,,,,,,
728,-0.014832227,,,,,,,,,,,,,,,,,,,,,,
727,-0.015640967,,,,,,,,,,,,,,,,,,,,,,
726,-0.015813977,,,,,,,,,,,,,,,,,,,,,,
725,-0.016671665,,,,,,,,,,,,,,,,,,,,,,
724,-0.016858857,,,,,,,,,,,,,,,,,,,,,,
723,-0.017507525,,,,,,,,,,,,,,,,,,,,,,
722,-0.017733224,,,,,,,,,,,,,,,,,,,,,,
721,-0.01818561,,,,,,,,,,,,,,,,,,,,,,
720,-0.018693073,,,,,,,,,,,,,,,,,,,,,,
719,-0.018162921,,,,,,,,,,,,,,,,,,,,,,
718,-0.018249603,,,,,,,,,,,,,,,,,,,,,,
717,-0.018513566,,,,,,,,,,,,,,,,,,,,,,
716,-0.018203931,,,,,,,,,,,,,,,,,,,,,,
715,-0.017902371,,,,,,,,,,,,,,,,,,,,,,
714,-0.017431337,,,,,,,,,,,,,,,,,,,,,,
713,-0.017632121,,,,,,,,,,,,,,,,,,,,,,
712,-0.017061599,,,,,,,,,,,,,,,,,,,,,,
711,-0.016917318,,,,,,,,,,,,,,,,,,,,,,
710,-0.016002985,,,,,,,,,,,,,,,,,,,,,,
709,-0.015282046,,,,,,,,,,,,,,,,,,,,,,
708,-0.015173872,,,,,,,,,,,,,,,,,,,,,,
707,-0.014565966,,,,,,,,,,,,,,,,,,,,,,
706,-0.013269971,,,,,,,,,,,,,,,,,,,,,,
705,-0.012327941,,,,,,,,,,,,,,,,,,,,,,
704,-0.011871523,,,,,,,,,,,,,,,,,,,,,,
703,-0.011375944,,,,,,,,,,,,,,,,,,,,,,
702,-0.010457944,,,,,,,,,,,,,,,,,,,,,,
701,-0.010021361,,,,,,,,,,,,,,,,,,,,,,
700,-0.00910774,,,,,,,,,,,,,,,,,,,,,,
699,-0.008491683,,,,,,,,,,,,,,,,,,,,,,
698,-0.007505891,,,,,,,,,,,,,,,,,,,,,,
697,-0.006850356,,,,,,,,,,,,,,,,,,,,,,
696,-0.006677867,,,,,,,,,,,,,,,,,,,,,,
695,-0.005433554,,,,,,,,,,,,,,,,,,,,,,
694,-0.005178451,,,,,,,,,,,,,,,,,,,,,,
693,-0.003676664,,,,,,,,,,,,,,,,,,,,,,
692,-0.003143629,,,,,,,,,,,,,,,,,,,,,,
691,-0.002770263,,,,,,,,,,,,,,,,,,,,,,
690,-0.002324901,,,,,,,,,,,,,,,,,,,,,,
689,-0.001795256,,,,,,,,,,,,,,,,,,,,,,
688,-0.001843202,,,,,,,,,,,,,,,,,,,,,,
687,-0.000830042,,,,,,,,,,,,,,,,,,,,,,
686,-0.000430477,,,,,,,,,,,,,,,,,,,,,,
685,0.000203693,,,,,,,,,,,,,,,,,,,,,,
684,0.000643147,,,,,,,,,,,,,,,,,,,,,,
683,0.001247994,,,,,,,,,,,,,,,,,,,,,,
682,0.000949836,,,,,,,,,,,,,,,,,,,,,,
681,0.00160068,,,,,,,,,,,,,,,,,,,,,,
680,0.001754154,,,,,,,,,,,,,,,,,,,,,,
679,0.002023632,,,,,,,,,,,,,,,,,,,,,,
678,0.002774787,,,,,,,,,,,,,,,,,,,,,,
677,0.002419506,,,,,,,,,,,,,,,,,,,,,,
676,0.002773719,,,,,,,,,,,,,,,,,,,,,,
675,0.003317996,,,,,,,,,,,,,,,,,,,,,,
674,0.003516962,,,,,,,,,,,,,,,,,,,,,,
673,0.003765053,,,,,,,,,,,,,,,,,,,,,,
672,0.00423458,,,,,,,,,,,,,,,,,,,,,,
671,0.003104495,,,,,,,,,,,,,,,,,,,,,,
670,0.003339516,,,,,,,,,,,,,,,,,,,,,,
669,0.003255371,,,,,,,,,,,,,,,,,,,,,,
668,0.003003088,,,,,,,,,,,,,,,,,,,,,,
667,0.003335786,,,,,,,,,,,,,,,,,,,,,,
666,0.003320291,,,,,,,,,,,,,,,,,,,,,,
665,0.003055248,,,,,,,,,,,,,,,,,,,,,,
664,0.00262741,,,,,,,,,,,,,,,,,,,,,,
663,0.002857614,,,,,,,,,,,,,,,,,,,,,,
662,0.002465063,,,,,,,,,,,,,,,,,,,,,,
661,0.002819025,,,,,,,,,,,,,,,,,,,,,,
660,0.002667831,,,,,,,,,,,,,,,,,,,,,,
659,0.00277114,,,,,,,,,,,,,,,,,,,,,,
658,0.002615743,,,,,,,,,,,,,,,,,,,,,,
657,0.002685126,,,,,,,,,,,,,,,,,,,,,,
656,0.002474356,,,,,,,,,,,,,,,,,,,,,,
655,0.003002983,,,,,,,,,,,,,,,,,,,,,,
654,0.002746417,,,,,,,,,,,,,,,,,,,,,,
653,0.003041849,,,,,,,,,,,,,,,,,,,,,,
652,0.002781456,,,,,,,,,,,,,,,,,,,,,,
651,0.002559964,,,,,,,,,,,,,,,,,,,,,,
650,0.00267291,,,,,,,,,,,,,,,,,,,,,,
649,0.002965294,,,,,,,,,,,,,,,,,,,,,,
648,0.002699113,,,,,,,,,,,,,,,,,,,,,,
647,0.003084107,,,,,,,,,,,,,,,,,,,,,,
646,0.003064112,,,,,,,,,,,,,,,,,,,,,,
645,0.002625249,,,,,,,,,,,,,,,,,,,,,,
644,0.002758036,,,,,,,,,,,,,,,,,,,,,,
643,0.00259202,,,,,,,,,,,,,,,,,,,,,,
642,0.002813398,,,,,,,,,,,,,,,,,,,,,,
641,0.003482986,,,,,,,,,,,,,,,,,,,,,,
640,0.0033247,,,,,,,,,,,,,,,,,,,,,,
639,0.002917132,,,,,,,,,,,,,,,,,,,,,,
638,0.002865666,,,,,,,,,,,,,,,,,,,,,,
637,0.002943636,,,,,,,,,,,,,,,,,,,,,,
636,0.003130384,,,,,,,,,,,,,,,,,,,,,,
635,0.002858526,,,,,,,,,,,,,,,,,,,,,,
634,0.003075791,,,,,,,,,,,,,,,,,,,,,,
633,0.003510203,,,,,,,,,,,,,,,,,,,,,,
632,0.003238498,,,,,,,,,,,,,,,,,,,,,,
631,0.002999986,,,,,,,,,,,,,,,,,,,,,,
630,0.002921771,,,,,,,,,,,,,,,,,,,,,,
629,0.003194634,,,,,,,,,,,,,,,,,,,,,,
628,0.003194373,,,,,,,,,,,,,,,,,,,,,,
627,0.003014843,,,,,,,,,,,,,,,,,,,,,,
626,0.003664145,,,,,,,,,,,,,,,,,,,,,,
625,0.003443559,,,,,,,,,,,,,,,,,,,,,,
624,0.003520119,,,,,,,,,,,,,,,,,,,,,,
623,0.00337536,,,,,,,,,,,,,,,,,,,,,,
622,0.003473983,,,,,,,,,,,,,,,,,,,,,,
621,0.003310849,,,,,,,,,,,,,,,,,,,,,,
620,0.003183994,,,,,,,,,,,,,,,,,,,,,,
619,0.003745966,,,,,,,,,,,,,,,,,,,,,,
618,0.003314814,,,,,,,,,,,,,,,,,,,,,,
617,0.003438158,,,,,,,,,,,,,,,,,,,,,,
616,0.003923682,,,,,,,,,,,,,,,,,,,,,,
615,0.003042292,,,,,,,,,,,,,,,,,,,,,,
614,0.003436227,,,,,,,,,,,,,,,,,,,,,,
613,0.00379093,,,,,,,,,,,,,,,,,,,,,,
612,0.003585079,,,,,,,,,,,,,,,,,,,,,,
611,0.003633211,,,,,,,,,,,,,,,,,,,,,,
610,0.003034967,,,,,,,,,,,,,,,,,,,,,,
609,0.003271907,,,,,,,,,,,,,,,,,,,,,,
608,0.003618776,,,,,,,,,,,,,,,,,,,,,,
607,0.003814276,,,,,,,,,,,,,,,,,,,,,,
606,0.003294338,,,,,,,,,,,,,,,,,,,,,,
605,0.003954585,,,,,,,,,,,,,,,,,,,,,,
604,0.003734661,,,,,,,,,,,,,,,,,,,,,,
603,0.003591943,,,,,,,,,,,,,,,,,,,,,,
602,0.003281244,,,,,,,,,,,,,,,,,,,,,,
601,0.003630601,,,,,,,,,,,,,,,,,,,,,,
600,0.00377884,,,,,,,,,,,,,,,,,,,,,,
599,0.003297181,,,,,,,,,,,,,,,,,,,,,,
598,0.003231143,,,,,,,,,,,,,,,,,,,,,,
597,0.003224467,,,,,,,,,,,,,,,,,,,,,,
596,0.003462137,,,,,,,,,,,,,,,,,,,,,,
595,0.003261005,,,,,,,,,,,,,,,,,,,,,,
594,0.003694271,,,,,,,,,,,,,,,,,,,,,,
593,0.003220008,,,,,,,,,,,,,,,,,,,,,,
592,0.003242488,,,,,,,,,,,,,,,,,,,,,,
591,0.002941082,,,,,,,,,,,,,,,,,,,,,,
590,0.00273915,,,,,,,,,,,,,,,,,,,,,,
589,0.003075348,,,,,,,,,,,,,,,,,,,,,,
588,0.002616993,,,,,,,,,,,,,,,,,,,,,,
587,0.003187254,,,,,,,,,,,,,,,,,,,,,,
586,0.002867854,,,,,,,,,,,,,,,,,,,,,,
585,0.003051181,,,,,,,,,,,,,,,,,,,,,,
584,0.002485629,,,,,,,,,,,,,,,,,,,,,,
583,0.002626265,,,,,,,,,,,,,,,,,,,,,,
582,0.002513149,,,,,,,,,,,,,,,,,,,,,,
581,0.002612462,,,,,,,,,,,,,,,,,,,,,,
580,0.002679995,,,,,,,,,,,,,,,,,,,,,,
579,0.002122157,,,,,,,,,,,,,,,,,,,,,,
578,0.002321304,,,,,,,,,,,,,,,,,,,,,,
577,0.002393138,,,,,,,,,,,,,,,,,,,,,,
576,0.001812117,,,,,,,,,,,,,,,,,,,,,,
575,0.00261642,,,,,,,,,,,,,,,,,,,,,,
574,0.002415316,,,,,,,,,,,,,,,,,,,,,,
573,0.002024048,,,,,,,,,,,,,,,,,,,,,,
572,0.001818096,,,,,,,,,,,,,,,,,,,,,,
571,0.002034919,,,,,,,,,,,,,,,,,,,,,,
570,0.001607201,,,,,,,,,,,,,,,,,,,,,,
569,0.001478662,,,,,,,,,,,,,,,,,,,,,,
568,0.001485623,,,,,,,,,,,,,,,,,,,,,,
567,0.00135177,,,,,,,,,,,,,,,,,,,,,,
566,0.001207316,,,,,,,,,,,,,,,,,,,,,,
565,0.001389995,,,,,,,,,,,,,,,,,,,,,,
564,0.001171339,,,,,,,,,,,,,,,,,,,,,,
563,0.001091454,,,,,,,,,,,,,,,,,,,,,,
562,0.000881664,,,,,,,,,,,,,,,,,,,,,,
561,0.001054398,,,,,,,,,,,,,,,,,,,,,,
560,0.000973004,,,,,,,,,,,,,,,,,,,,,,
559,0.000681387,,,,,,,,,,,,,,,,,,,,,,
558,0.000455806,,,,,,,,,,,,,,,,,,,,,,
557,0.000260336,,,,,,,,,,,,,,,,,,,,,,
556,0.000412197,,,,,,,,,,,,,,,,,,,,,,
555,0.00029375,,,,,,,,,,,,,,,,,,,,,,
554,6.01E-05,,,,,,,,,,,,,,,,,,,,,,
553,-0.000222925,,,,,,,,,,,,,,,,,,,,,,
552,9.92E-05,,,,,,,,,,,,,,,,,,,,,,
551,-0.000438908,,,,,,,,,,,,,,,,,,,,,,
550,-0.000462853,,,,,,,,,,,,,,,,,,,,,,
549,-0.000441907,,,,,,,,,,,,,,,,,,,,,,
548,-0.000766893,,,,,,,,,,,,,,,,,,,,,,
547,-0.000666725,,,,,,,,,,,,,,,,,,,,,,
546,-0.000577546,,,,,,,,,,,,,,,,,,,,,,
545,-0.000715106,,,,,,,,,,,,,,,,,,,,,,
544,-0.000633382,,,,,,,,,,,,,,,,,,,,,,
543,-0.000902999,,,,,,,,,,,,,,,,,,,,,,
542,-0.000887912,,,,,,,,,,,,,,,,,,,,,,
541,-0.001040972,,,,,,,,,,,,,,,,,,,,,,
540,-0.000873497,,,,,,,,,,,,,,,,,,,,,,
539,-0.00059864,,,,,,,,,,,,,,,,,,,,,,
538,-0.000608929,,,,,,,,,,,,,,,,,,,,,,
537,-0.000460164,,,,,,,,,,,,,,,,,,,,,,
536,-0.000400323,,,,,,,,,,,,,,,,,,,,,,
535,-9.35E-05,,,,,,,,,,,,,,,,,,,,,,
534,0.000164951,,,,,,,,,,,,,,,,,,,,,,
533,0.000448006,,,,,,,,,,,,,,,,,,,,,,
532,0.000836793,,,,,,,,,,,,,,,,,,,,,,
531,0.001166615,,,,,,,,,,,,,,,,,,,,,,
530,0.001409238,,,,,,,,,,,,,,,,,,,,,,
529,0.002040302,,,,,,,,,,,,,,,,,,,,,,
528,0.002431168,,,,,,,,,,,,,,,,,,,,,,
527,0.002889066,,,,,,,,,,,,,,,,,,,,,,
526,0.003366881,,,,,,,,,,,,,,,,,,,,,,
525,0.004035729,,,,,,,,,,,,,,,,,,,,,,
524,0.00445515,,,,,,,,,,,,,,,,,,,,,,
523,0.005123792,,,,,,,,,,,,,,,,,,,,,,
522,0.005971444,,,,,,,,,,,,,,,,,,,,,,
521,0.00651047,,,,,,,,,,,,,,,,,,,,,,
520,0.007063084,,,,,,,,,,,,,,,,,,,,,,
519,0.00765318,,,,,,,,,,,,,,,,,,,,,,
518,0.008408496,,,,,,,,,,,,,,,,,,,,,,
517,0.009295831,,,,,,,,,,,,,,,,,,,,,,
516,0.009907032,,,,,,,,,,,,,,,,,,,,,,
515,0.010322647,,,,,,,,,,,,,,,,,,,,,,
514,0.011052432,,,,,,,,,,,,,,,,,,,,,,
513,0.011876523,,,,,,,,,,,,,,,,,,,,,,
512,0.012527736,,,,,,,,,,,,,,,,,,,,,,
511,0.013014439,,,,,,,,,,,,,,,,,,,,,,
510,0.013759587,,,,,,,,,,,,,,,,,,,,,,
509,0.014294274,,,,,,,,,,,,,,,,,,,,,,
508,0.014904786,,,,,,,,,,,,,,,,,,,,,,
507,0.015372358,,,,,,,,,,,,,,,,,,,,,,
506,0.016099297,,,,,,,,,,,,,,,,,,,,,,
505,0.016726851,,,,,,,,,,,,,,,,,,,,,,
504,0.017389318,,,,,,,,,,,,,,,,,,,,,,
503,0.017966103,,,,,,,,,,,,,,,,,,,,,,
502,0.018439254,,,,,,,,,,,,,,,,,,,,,,
501,0.018663241,,,,,,,,,,,,,,,,,,,,,,
500,0.019372243,,,,,,,,,,,,,,,,,,,,,,
499,0.019608358,,,,,,,,,,,,,,,,,,,,,,
498,0.019913755,,,,,,,,,,,,,,,,,,,,,,
497,0.020251803,,,,,,,,,,,,,,,,,,,,,,
496,0.020574074,,,,,,,,,,,,,,,,,,,,,,
495,0.020982234,,,,,,,,,,,,,,,,,,,,,,
494,0.021235071,,,,,,,,,,,,,,,,,,,,,,
493,0.021353498,,,,,,,,,,,,,,,,,,,,,,
492,0.021510389,,,,,,,,,,,,,,,,,,,,,,
491,0.021760704,,,,,,,,,,,,,,,,,,,,,,
490,0.021877341,,,,,,,,,,,,,,,,,,,,,,
489,0.021960897,,,,,,,,,,,,,,,,,,,,,,
488,0.022011381,,,,,,,,,,,,,,,,,,,,,,
487,0.022158785,,,,,,,,,,,,,,,,,,,,,,
486,0.022387614,,,,,,,,,,,,,,,,,,,,,,
485,0.022404458,,,,,,,,,,,,,,,,,,,,,,
484,0.022626083,,,,,,,,,,,,,,,,,,,,,,
483,0.02268922,,,,,,,,,,,,,,,,,,,,,,
482,0.022765566,,,,,,,,,,,,,,,,,,,,,,
481,0.022696011,,,,,,,,,,,,,,,,,,,,,,
480,0.023144256,,,,,,,,,,,,,,,,,,,,,,
479,0.023212792,,,,,,,,,,,,,,,,,,,,,,
478,0.023306821,,,,,,,,,,,,,,,,,,,,,,
477,0.024174906,,,,,,,,,,,,,,,,,,,,,,
476,0.024481561,,,,,,,,,,,,,,,,,,,,,,
475,0.025326123,,,,,,,,,,,,,,,,,,,,,,
474,0.025756245,,,,,,,,,,,,,,,,,,,,,,
473,0.026366124,,,,,,,,,,,,,,,,,,,,,,
472,0.027174734,,,,,,,,,,,,,,,,,,,,,,
471,0.027964365,,,,,,,,,,,,,,,,,,,,,,
470,0.028935084,,,,,,,,,,,,,,,,,,,,,,
469,0.029997559,,,,,,,,,,,,,,,,,,,,,,
468,0.030796457,,,,,,,,,,,,,,,,,,,,,,
467,0.031638701,,,,,,,,,,,,,,,,,,,,,,
466,0.032740336,,,,,,,,,,,,,,,,,,,,,,
465,0.03373814,,,,,,,,,,,,,,,,,,,,,,
464,0.03436001,,,,,,,,,,,,,,,,,,,,,,
463,0.035387017,,,,,,,,,,,,,,,,,,,,,,
462,0.036203556,,,,,,,,,,,,,,,,,,,,,,
461,0.037372533,,,,,,,,,,,,,,,,,,,,,,
460,0.037909687,,,,,,,,,,,,,,,,,,,,,,
459,0.038755976,,,,,,,,,,,,,,,,,,,,,,
458,0.039641351,,,,,,,,,,,,,,,,,,,,,,
457,0.040435843,,,,,,,,,,,,,,,,,,,,,,
456,0.040956263,,,,,,,,,,,,,,,,,,,,,,
455,0.041870937,,,,,,,,,,,,,,,,,,,,,,
454,0.042590197,,,,,,,,,,,,,,,,,,,,,,
453,0.043193314,,,,,,,,,,,,,,,,,,,,,,
452,0.043989986,,,,,,,,,,,,,,,,,,,,,,
451,0.045005705,,,,,,,,,,,,,,,,,,,,,,
450,0.045680456,,,,,,,,,,,,,,,,,,,,,,
449,0.046342142,,,,,,,,,,,,,,,,,,,,,,
448,0.047014676,,,,,,,,,,,,,,,,,,,,,,
447,0.047807757,,,,,,,,,,,,,,,,,,,,,,
446,0.048355233,,,,,,,,,,,,,,,,,,,,,,
445,0.049134713,,,,,,,,,,,,,,,,,,,,,,
444,0.049899764,,,,,,,,,,,,,,,,,,,,,,
443,0.050564457,,,,,,,,,,,,,,,,,,,,,,
442,0.051242776,,,,,,,,,,,,,,,,,,,,,,
441,0.052068226,,,,,,,,,,,,,,,,,,,,,,
440,0.052787397,,,,,,,,,,,,,,,,,,,,,,
439,0.053493973,,,,,,,,,,,,,,,,,,,,,,
438,0.054321636,,,,,,,,,,,,,,,,,,,,,,
437,0.054992516,,,,,,,,,,,,,,,,,,,,,,
436,0.055555426,,,,,,,,,,,,,,,,,,,,,,
435,0.056330085,,,,,,,,,,,,,,,,,,,,,,
434,0.057108995,,,,,,,,,,,,,,,,,,,,,,
433,0.058213379,,,,,,,,,,,,,,,,,,,,,,
432,0.058699995,,,,,,,,,,,,,,,,,,,,,,
431,0.059289485,,,,,,,,,,,,,,,,,,,,,,
430,0.060158987,,,,,,,,,,,,,,,,,,,,,,
429,0.061248481,,,,,,,,,,,,,,,,,,,,,,
428,0.061934546,,,,,,,,,,,,,,,,,,,,,,
427,0.062897801,,,,,,,,,,,,,,,,,,,,,,
426,0.063653402,,,,,,,,,,,,,,,,,,,,,,
425,0.064672746,,,,,,,,,,,,,,,,,,,,,,
424,0.065720335,,,,,,,,,,,,,,,,,,,,,,
423,0.066757984,,,,,,,,,,,,,,,,,,,,,,
422,0.067651324,,,,,,,,,,,,,,,,,,,,,,
421,0.068953119,,,,,,,,,,,,,,,,,,,,,,
420,0.070062041,,,,,,,,,,,,,,,,,,,,,,
419,0.070924141,,,,,,,,,,,,,,,,,,,,,,
418,0.072061732,,,,,,,,,,,,,,,,,,,,,,
417,0.073384404,,,,,,,,,,,,,,,,,,,,,,
416,0.074856162,,,,,,,,,,,,,,,,,,,,,,
415,0.076148272,,,,,,,,,,,,,,,,,,,,,,
414,0.077546313,,,,,,,,,,,,,,,,,,,,,,
413,0.078592606,,,,,,,,,,,,,,,,,,,,,,
412,0.080408461,,,,,,,,,,,,,,,,,,,,,,
411,0.081759743,,,,,,,,,,,,,,,,,,,,,,
410,0.083258301,,,,,,,,,,,,,,,,,,,,,,
409,0.084657088,,,,,,,,,,,,,,,,,,,,,,
408,0.086376742,,,,,,,,,,,,,,,,,,,,,,
407,0.087915428,,,,,,,,,,,,,,,,,,,,,,
406,0.089669213,,,,,,,,,,,,,,,,,,,,,,
405,0.091282614,,,,,,,,,,,,,,,,,,,,,,
404,0.092817202,,,,,,,,,,,,,,,,,,,,,,
403,0.094879575,,,,,,,,,,,,,,,,,,,,,,
402,0.096464217,,,,,,,,,,,,,,,,,,,,,,
401,0.09865658,,,,,,,,,,,,,,,,,,,,,,
400,0.100824699,,,,,,,,,,,,,,,,,,,,,,
399,0.102589279,,,,,,,,,,,,,,,,,,,,,,
398,0.104606494,,,,,,,,,,,,,,,,,,,,,,
397,0.107337751,,,,,,,,,,,,,,,,,,,,,,
396,0.109710895,,,,,,,,,,,,,,,,,,,,,,
395,0.112698503,,,,,,,,,,,,,,,,,,,,,,
394,0.114608914,,,,,,,,,,,,,,,,,,,,,,
393,0.117177106,,,,,,,,,,,,,,,,,,,,,,
392,0.119932942,,,,,,,,,,,,,,,,,,,,,,
391,0.123507187,,,,,,,,,,,,,,,,,,,,,,
390,0.126764417,,,,,,,,,,,,,,,,,,,,,,
389,0.129506066,,,,,,,,,,,,,,,,,,,,,,
388,0.132047847,,,,,,,,,,,,,,,,,,,,,,
387,0.135487154,,,,,,,,,,,,,,,,,,,,,,
386,0.138973996,,,,,,,,,,,,,,,,,,,,,,
385,0.142610222,,,,,,,,,,,,,,,,,,,,,,
384,0.145648763,,,,,,,,,,,,,,,,,,,,,,
383,0.149328291,,,,,,,,,,,,,,,,,,,,,,
382,0.153725714,,,,,,,,,,,,,,,,,,,,,,
381,0.157322571,,,,,,,,,,,,,,,,,,,,,,
380,0.161175862,,,,,,,,,,,,,,,,,,,,,,
379,0.164744452,,,,,,,,,,,,,,,,,,,,,,
378,0.169559032,,,,,,,,,,,,,,,,,,,,,,
377,0.17268756,,,,,,,,,,,,,,,,,,,,,,
376,0.177118629,,,,,,,,,,,,,,,,,,,,,,
375,0.181571081,,,,,,,,,,,,,,,,,,,,,,
374,0.18578738,,,,,,,,,,,,,,,,,,,,,,
373,0.18998538,,,,,,,,,,,,,,,,,,,,,,
372,0.195235834,,,,,,,,,,,,,,,,,,,,,,
371,0.199821591,,,,,,,,,,,,,,,,,,,,,,
370,0.205849871,,,,,,,,,,,,,,,,,,,,,,
369,0.211101562,,,,,,,,,,,,,,,,,,,,,,
368,0.216053516,,,,,,,,,,,,,,,,,,,,,,
367,0.222098738,,,,,,,,,,,,,,,,,,,,,,
366,0.228130564,,,,,,,,,,,,,,,,,,,,,,
365,0.235867962,,,,,,,,,,,,,,,,,,,,,,
364,0.242424816,,,,,,,,,,,,,,,,,,,,,,
363,0.246622413,,,,,,,,,,,,,,,,,,,,,,
362,0.252531081,,,,,,,,,,,,,,,,,,,,,,
361,0.260459751,,,,,,,,,,,,,,,,,,,,,,
360,0.267454624,,,,,,,,,,,,,,,,,,,,,,
359,0.275481492,,,,,,,,,,,,,,,,,,,,,,
358,0.281564832,,,,,,,,,,,,,,,,,,,,,,
357,0.290028423,,,,,,,,,,,,,,,,,,,,,,
356,0.298455298,,,,,,,,,,,,,,,,,,,,,,
355,0.307092845,,,,,,,,,,,,,,,,,,,,,,
354,0.314722925,,,,,,,,,,,,,,,,,,,,,,
353,0.323415071,,,,,,,,,,,,,,,,,,,,,,
352,0.332588643,,,,,,,,,,,,,,,,,,,,,,
351,0.341891795,,,,,,,,,,,,,,,,,,,,,,
350,0.351257473,,,,,,,,,,,,,,,,,,,,,,
349,0.361886054,,,,,,,,,,,,,,,,,,,,,,
348,0.369393736,,,,,,,,,,,,,,,,,,,,,,
347,0.378492057,,,,,,,,,,,,,,,,,,,,,,
346,0.39091301,,,,,,,,,,,,,,,,,,,,,,
345,0.398391813,,,,,,,,,,,,,,,,,,,,,,
344,0.408419222,,,,,,,,,,,,,,,,,,,,,,
343,0.418554992,,,,,,,,,,,,,,,,,,,,,,
342,0.430343181,,,,,,,,,,,,,,,,,,,,,,
341,0.443261981,,,,,,,,,,,,,,,,,,,,,,
340,0.459013283,,,,,,,,,,,,,,,,,,,,,,
339,0.46722579,,,,,,,,,,,,,,,,,,,,,,
338,0.480633616,,,,,,,,,,,,,,,,,,,,,,
337,0.49387458,,,,,,,,,,,,,,,,,,,,,,
336,0.506553412,,,,,,,,,,,,,,,,,,,,,,
335,0.522824228,,,,,,,,,,,,,,,,,,,,,,
334,0.534563839,,,,,,,,,,,,,,,,,,,,,,
333,0.547805905,,,,,,,,,,,,,,,,,,,,,,
332,0.561068177,,,,,,,,,,,,,,,,,,,,,,
331,0.574625731,,,,,,,,,,,,,,,,,,,,,,
330,0.589466333,,,,,,,,,,,,,,,,,,,,,,
329,0.603138089,,,,,,,,,,,,,,,,,,,,,,
328,0.615993142,,,,,,,,,,,,,,,,,,,,,,
327,0.62836051,,,,,,,,,,,,,,,,,,,,,,
326,0.643260181,,,,,,,,,,,,,,,,,,,,,,
325,0.655896366,,,,,,,,,,,,,,,,,,,,,,
324,0.667085707,,,,,,,,,,,,,,,,,,,,,,
323,0.679501593,,,,,,,,,,,,,,,,,,,,,,
322,0.690211952,,,,,,,,,,,,,,,,,,,,,,
321,0.704492867,,,,,,,,,,,,,,,,,,,,,,
320,0.714392722,,,,,,,,,,,,,,,,,,,,,,
319,0.72522521,,,,,,,,,,,,,,,,,,,,,,
318,0.736199141,,,,,,,,,,,,,,,,,,,,,,
317,0.747770131,,,,,,,,,,,,,,,,,,,,,,
316,0.761385322,,,,,,,,,,,,,,,,,,,,,,
315,0.7719782,,,,,,,,,,,,,,,,,,,,,,
314,0.785148561,,,,,,,,,,,,,,,,,,,,,,
313,0.795858085,,,,,,,,,,,,,,,,,,,,,,
312,0.813060403,,,,,,,,,,,,,,,,,,,,,,
311,0.823639512,,,,,,,,,,,,,,,,,,,,,,
310,0.833364666,,,,,,,,,,,,,,,,,,,,,,
309,0.847218335,,,,,,,,,,,,,,,,,,,,,,
308,0.85576582,,,,,,,,,,,,,,,,,,,,,,
307,0.870028675,,,,,,,,,,,,,,,,,,,,,,
306,0.88439852,,,,,,,,,,,,,,,,,,,,,,
305,0.893680811,,,,,,,,,,,,,,,,,,,,,,
304,0.906195104,,,,,,,,,,,,,,,,,,,,,,
303,0.920860171,,,,,,,,,,,,,,,,,,,,,,
302,0.931897461,,,,,,,,,,,,,,,,,,,,,,
301,0.947356641,,,,,,,,,,,,,,,,,,,,,,
300,0.966718257,,,,,,,,,,,,,,,,,,,,,,
299,0.975810826,,,,,,,,,,,,,,,,,,,,,,
298,0.99109447,,,,,,,,,,,,,,,,,,,,,,
297,1.004488826,,,,,,,,,,,,,,,,,,,,,,
296,1.024169683,,,,,,,,,,,,,,,,,,,,,,
295,1.039775968,,,,,,,,,,,,,,,,,,,,,,
294,1.055083156,,,,,,,,,,,,,,,,,,,,,,
293,1.074627399,,,,,,,,,,,,,,,,,,,,,,
292,1.089449286,,,,,,,,,,,,,,,,,,,,,,
291,1.107293129,,,,,,,,,,,,,,,,,,,,,,
290,1.125053883,,,,,,,,,,,,,,,,,,,,,,
289,1.140289426,,,,,,,,,,,,,,,,,,,,,,
288,1.159354806,,,,,,,,,,,,,,,,,,,,,,
287,1.179008365,,,,,,,,,,,,,,,,,,,,,,
286,1.196398377,,,,,,,,,,,,,,,,,,,,,,
285,1.213224888,,,,,,,,,,,,,,,,,,,,,,
284,1.230505705,,,,,,,,,,,,,,,,,,,,,,
283,1.241903901,,,,,,,,,,,,,,,,,,,,,,
282,1.256315589,,,,,,,,,,,,,,,,,,,,,,
281,1.268456697,,,,,,,,,,,,,,,,,,,,,,
280,1.278158784,,,,,,,,,,,,,,,,,,,,,,
279,1.286242127,,,,,,,,,,,,,,,,,,,,,,
278,1.293755174,,,,,,,,,,,,,,,,,,,,,,
277,1.300711751,,,,,,,,,,,,,,,,,,,,,,
276,1.305656314,,,,,,,,,,,,,,,,,,,,,,
275,1.31091404,,,,,,,,,,,,,,,,,,,,,,
274,1.313773632,,,,,,,,,,,,,,,,,,,,,,
273,1.317140579,,,,,,,,,,,,,,,,,,,,,,
272,1.320561767,,,,,,,,,,,,,,,,,,,,,,
271,1.325283527,,,,,,,,,,,,,,,,,,,,,,
270,1.328041553,,,,,,,,,,,,,,,,,,,,,,
269,1.32975781,,,,,,,,,,,,,,,,,,,,,,
268,1.335129857,,,,,,,,,,,,,,,,,,,,,,
267,1.338322878,,,,,,,,,,,,,,,,,,,,,,
266,1.343212605,,,,,,,,,,,,,,,,,,,,,,
265,1.351651311,,,,,,,,,,,,,,,,,,,,,,
264,1.355740428,,,,,,,,,,,,,,,,,,,,,,
263,1.360210419,,,,,,,,,,,,,,,,,,,,,,
262,1.368355632,,,,,,,,,,,,,,,,,,,,,,
261,1.377012849,,,,,,,,,,,,,,,,,,,,,,
260,1.384188414,,,,,,,,,,,,,,,,,,,,,,
259,1.396136284,,,,,,,,,,,,,,,,,,,,,,
258,1.405923128,,,,,,,,,,,,,,,,,,,,,,
257,1.413666129,,,,,,,,,,,,,,,,,,,,,,
256,1.4254632,,,,,,,,,,,,,,,,,,,,,,
255,1.433432817,,,,,,,,,,,,,,,,,,,,,,
254,1.442831278,,,,,,,,,,,,,,,,,,,,,,
253,1.45084691,,,,,,,,,,,,,,,,,,,,,,
252,1.462416053,,,,,,,,,,,,,,,,,,,,,,
251,1.474498272,,,,,,,,,,,,,,,,,,,,,,
250,1.484291911,,,,,,,,,,,,,,,,,,,,,,
249,1.501499653,,,,,,,,,,,,,,,,,,,,,,
248,1.517031312,,,,,,,,,,,,,,,,,,,,,,
247,1.535916924,,,,,,,,,,,,,,,,,,,,,,
246,1.560365081,,,,,,,,,,,,,,,,,,,,,,
245,1.5871315,,,,,,,,,,,,,,,,,,,,,,
244,1.616207123,,,,,,,,,,,,,,,,,,,,,,
243,1.645619631,,,,,,,,,,,,,,,,,,,,,,
242,1.684020281,,,,,,,,,,,,,,,,,,,,,,
241,1.727869749,,,,,,,,,,,,,,,,,,,,,,
240,1.773722529,,,,,,,,,,,,,,,,,,,,,,
239,1.840701103,,,,,,,,,,,,,,,,,,,,,,
238,1.89060998,,,,,,,,,,,,,,,,,,,,,,
237,1.957011461,,,,,,,,,,,,,,,,,,,,,,
236,2.035443544,,,,,,,,,,,,,,,,,,,,,,
235,2.069944859,,,,,,,,,,,,,,,,,,,,,,
234,2.131295919,,,,,,,,,,,,,,,,,,,,,,
233,2.216990232,,,,,,,,,,,,,,,,,,,,,,
232,2.290265322,,,,,,,,,,,,,,,,,,,,,,
231,2.351502657,,,,,,,,,,,,,,,,,,,,,,
230,2.437576771,,,,,,,,,,,,,,,,,,,,,,
229,2.485011816,,,,,,,,,,,,,,,,,,,,,,
228,2.522140503,,,,,,,,,,,,,,,,,,,,,,
227,2.322328568,,,,,,,,,,,,,,,,,,,,,,
226,2.718397856,,,,,,,,,,,,,,,,,,,,,,
225,2.779257536,,,,,,,,,,,,,,,,,,,,,,
224,2.860918045,,,,,,,,,,,,,,,,,,,,,,
223,2.927880049,,,,,,,,,,,,,,,,,,,,,,
222,2.966394901,,,,,,,,,,,,,,,,,,,,,,
221,3.021664143,,,,,,,,,,,,,,,,,,,,,,
220,3.139124393,,,,,,,,,,,,,,,,,,,,,,
219,3.130131245,,,,,,,,,,,,,,,,,,,,,,
218,3.291832924,,,,,,,,,,,,,,,,,,,,,,
217,3.213228464,,,,,,,,,,,,,,,,,,,,,,
216,3.324623585,,,,,,,,,,,,,,,,,,,,,,
215,3.297097921,,,,,,,,,,,,,,,,,,,,,,
214,3.385008335,,,,,,,,,,,,,,,,,,,,,,
213,3.365804195,,,,,,,,,,,,,,,,,,,,,,
212,3.495179653,,,,,,,,,,,,,,,,,,,,,,
211,3.658338308,,,,,,,,,,,,,,,,,,,,,,
210,3.538534641,,,,,,,,,,,,,,,,,,,,,,
209,3.590287447,,,,,,,,,,,,,,,,,,,,,,
208,3.456067085,,,,,,,,,,,,,,,,,,,,,,
207,3.396765947,,,,,,,,,,,,,,,,,,,,,,
206,3.441628933,,,,,,,,,,,,,,,,,,,,,,
205,3.472647429,,,,,,,,,,,,,,,,,,,,,,
204,3.667182446,,,,,,,,,,,,,,,,,,,,,,
203,3.398603201,,,,,,,,,,,,,,,,,,,,,,
202,3.5981462,,,,,,,,,,,,,,,,,,,,,,
201,3.344302654,,,,,,,,,,,,,,,,,,,,,,
200,3.446148396,,,,,,,,,,,,,,,,,,,,,,