Wavelength (nm),Abs,,,,,,,,,,,,,,,,,,,
800,-0.002154572,,,,,,,,,,,,,,,,,,,
799,-0.001069429,,,,,,,,,,,,,,,,,,,
798,-0.001069429,,,,,,,,,,,,,,,,,,,
797,-3.08E-05,,,,,,,,,,,,,,,,,,,
796,-0.00120482,,,,,,,,,,,,,,,,,,,
795,-0.001224232,,,,,,,,,,,,,,,,,,,
794,-0.001228982,,,,,,,,,,,,,,,,,,,
793,-0.000249055,,,,,,,,,,,,,,,,,,,
792,-0.001819745,,,,,,,,,,,,,,,,,,,
791,-0.001984073,,,,,,,,,,,,,,,,,,,
790,-0.001041954,,,,,,,,,,,,,,,,,,,
789,-0.002071108,,,,,,,,,,,,,,,,,,,
788,-0.000752888,,,,,,,,,,,,,,,,,,,
787,-0.001270177,,,,,,,,,,,,,,,,,,,
786,0.000293465,,,,,,,,,,,,,,,,,,,
785,-0.001570197,,,,,,,,,,,,,,,,,,,
784,-0.00143848,,,,,,,,,,,,,,,,,,,
783,-0.000563172,,,,,,,,,,,,,,,,,,,
782,-0.000659849,,,,,,,,,,,,,,,,,,,
781,-0.000950786,,,,,,,,,,,,,,,,,,,
780,-0.001245966,,,,,,,,,,,,,,,,,,,
779,-0.000671635,,,,,,,,,,,,,,,,,,,
778,-0.000131481,,,,,,,,,,,,,,,,,,,
777,-0.001151278,,,,,,,,,,,,,,,,,,,
776,-0.000805755,,,,,,,,,,,,,,,,,,,
775,-0.000827717,,,,,,,,,,,,,,,,,,,
774,-0.001383883,,,,,,,,,,,,,,,,,,,
773,-0.000847818,,,,,,,,,,,,,,,,,,,
772,-0.001687898,,,,,,,,,,,,,,,,,,,
771,-0.001205182,,,,,,,,,,,,,,,,,,,
770,-0.000633795,,,,,,,,,,,,,,,,,,,
769,-0.001284941,,,,,,,,,,,,,,,,,,,
768,-0.001522633,,,,,,,,,,,,,,,,,,,
767,-0.002699884,,,,,,,,,,,,,,,,,,,
766,-0.002603351,,,,,,,,,,,,,,,,,,,
765,-0.00170734,,,,,,,,,,,,,,,,,,,
764,-0.001208538,,,,,,,,,,,,,,,,,,,
763,-0.00245604,,,,,,,,,,,,,,,,,,,
762,-0.002455731,,,,,,,,,,,,,,,,,,,
761,-0.001391366,,,,,,,,,,,,,,,,,,,
760,-0.00255451,,,,,,,,,,,,,,,,,,,
759,-0.002672666,,,,,,,,,,,,,,,,,,,
758,-0.002804009,,,,,,,,,,,,,,,,,,,
757,-0.003554314,,,,,,,,,,,,,,,,,,,
756,-0.002369906,,,,,,,,,,,,,,,,,,,
755,-0.003489249,,,,,,,,,,,,,,,,,,,
754,-0.003645553,,,,,,,,,,,,,,,,,,,
753,-0.004268569,,,,,,,,,,,,,,,,,,,
752,-0.004318807,,,,,,,,,,,,,,,,,,,
751,-0.004588195,,,,,,,,,,,,,,,,,,,
750,-0.004291587,,,,,,,,,,,,,,,,,,,
749,-0.004884345,,,,,,,,,,,,,,,,,,,
748,-0.005577098,,,,,,,,,,,,,,,,,,,
747,-0.005945557,,,,,,,,,,,,,,,,,,,
746,-0.006139367,,,,,,,,,,,,,,,,,,,
745,-0.005836666,,,,,,,,,,,,,,,,,,,
744,-0.006229555,,,,,,,,,,,,,,,,,,,
743,-0.006875326,,,,,,,,,,,,,,,,,,,
742,-0.006840265,,,,,,,,,,,,,,,,,,,
741,-0.007255821,,,,,,,,,,,,,,,,,,,
740,-0.007425078,,,,,,,,,,,,,,,,,,,
739,-0.008152665,,,,,,,,,,,,,,,,,,,
738,-0.009124013,,,,,,,,,,,,,,,,,,,
737,-0.009376201,,,,,,,,,,,,,,,,,,,
736,-0.010313375,,,,,,,,,,,,,,,,,,,
735,-0.010735017,,,,,,,,,,,,,,,,,,,
734,-0.011708526,,,,,,,,,,,,,,,,,,,
733,-0.012032394,,,,,,,,,,,,,,,,,,,
732,-0.01281218,,,,,,,,,,,,,,,,,,,
731,-0.014207257,,,,,,,,,,,,,,,,,,,
730,-0.014708926,,,,,,,,,,,,,,,,,,,
729,-0.015495566,,,,,,,,,,,,,,,,,,,
728,-0.016098881,,,,,,,,,,,,,,,,,,,
727,-0.016564783,,,,,,,,,,,,,,,,,,,
726,-0.017216677,,,,,,,,,,,,,,,,,,,
725,-0.018176971,,,,,,,,,,,,,,,,,,,
724,-0.018027302,,,,,,,,,,,,,,,,,,,
723,-0.01859249,,,,,,,,,,,,,,,,,,,
722,-0.019272503,,,,,,,,,,,,,,,,,,,
721,-0.019797098,,,,,,,,,,,,,,,,,,,
720,-0.019872574,,,,,,,,,,,,,,,,,,,
719,-0.020082366,,,,,,,,,,,,,,,,,,,
718,-0.020057501,,,,,,,,,,,,,,,,,,,
717,-0.019750549,,,,,,,,,,,,,,,,,,,
716,-0.019385651,,,,,,,,,,,,,,,,,,,
715,-0.019513125,,,,,,,,,,,,,,,,,,,
714,-0.019485801,,,,,,,,,,,,,,,,,,,
713,-0.018943632,,,,,,,,,,,,,,,,,,,
712,-0.018594375,,,,,,,,,,,,,,,,,,,
711,-0.018220861,,,,,,,,,,,,,,,,,,,
710,-0.017678102,,,,,,,,,,,,,,,,,,,
709,-0.017210705,,,,,,,,,,,,,,,,,,,
708,-0.016147468,,,,,,,,,,,,,,,,,,,
707,-0.01588371,,,,,,,,,,,,,,,,,,,
706,-0.01497735,,,,,,,,,,,,,,,,,,,
705,-0.014383893,,,,,,,,,,,,,,,,,,,
704,-0.013796195,,,,,,,,,,,,,,,,,,,
703,-0.013249835,,,,,,,,,,,,,,,,,,,
702,-0.01198979,,,,,,,,,,,,,,,,,,,
701,-0.011465454,,,,,,,,,,,,,,,,,,,
700,-0.010854958,,,,,,,,,,,,,,,,,,,
699,-0.009852608,,,,,,,,,,,,,,,,,,,
698,-0.009205777,,,,,,,,,,,,,,,,,,,
697,-0.008741093,,,,,,,,,,,,,,,,,,,
696,-0.007405992,,,,,,,,,,,,,,,,,,,
695,-0.006880269,,,,,,,,,,,,,,,,,,,
694,-0.006055645,,,,,,,,,,,,,,,,,,,
693,-0.006576197,,,,,,,,,,,,,,,,,,,
692,-0.00526623,,,,,,,,,,,,,,,,,,,
691,-0.004995368,,,,,,,,,,,,,,,,,,,
690,-0.004061612,,,,,,,,,,,,,,,,,,,
689,-0.003554417,,,,,,,,,,,,,,,,,,,
688,-0.002837751,,,,,,,,,,,,,,,,,,,
687,-0.002333861,,,,,,,,,,,,,,,,,,,
686,-0.002179968,,,,,,,,,,,,,,,,,,,
685,-0.001571486,,,,,,,,,,,,,,,,,,,
684,-0.000954195,,,,,,,,,,,,,,,,,,,
683,-0.000596986,,,,,,,,,,,,,,,,,,,
682,-0.000869829,,,,,,,,,,,,,,,,,,,
681,-0.000442114,,,,,,,,,,,,,,,,,,,
680,-7.02E-05,,,,,,,,,,,,,,,,,,,
679,0.00056564,,,,,,,,,,,,,,,,,,,
678,0.000583007,,,,,,,,,,,,,,,,,,,
677,0.000661528,,,,,,,,,,,,,,,,,,,
676,0.001377634,,,,,,,,,,,,,,,,,,,
675,0.001315834,,,,,,,,,,,,,,,,,,,
674,0.002116694,,,,,,,,,,,,,,,,,,,
673,0.001908983,,,,,,,,,,,,,,,,,,,
672,0.002363857,,,,,,,,,,,,,,,,,,,
671,0.002202414,,,,,,,,,,,,,,,,,,,
670,0.001651763,,,,,,,,,,,,,,,,,,,
669,0.001365533,,,,,,,,,,,,,,,,,,,
668,0.001687051,,,,,,,,,,,,,,,,,,,
667,0.001195038,,,,,,,,,,,,,,,,,,,
666,0.001051569,,,,,,,,,,,,,,,,,,,
665,0.001389242,,,,,,,,,,,,,,,,,,,
664,0.001376465,,,,,,,,,,,,,,,,,,,
663,0.001057875,,,,,,,,,,,,,,,,,,,
662,0.001078142,,,,,,,,,,,,,,,,,,,
661,0.001663508,,,,,,,,,,,,,,,,,,,
660,0.000731091,,,,,,,,,,,,,,,,,,,
659,0.001138766,,,,,,,,,,,,,,,,,,,
658,0.00113726,,,,,,,,,,,,,,,,,,,
657,0.001094205,,,,,,,,,,,,,,,,,,,
656,0.001084889,,,,,,,,,,,,,,,,,,,
655,0.000801418,,,,,,,,,,,,,,,,,,,
654,0.001005772,,,,,,,,,,,,,,,,,,,
653,0.000801288,,,,,,,,,,,,,,,,,,,
652,0.000680091,,,,,,,,,,,,,,,,,,,
651,0.001175207,,,,,,,,,,,,,,,,,,,
650,0.000803674,,,,,,,,,,,,,,,,,,,
649,0.001268944,,,,,,,,,,,,,,,,,,,
648,0.001056863,,,,,,,,,,,,,,,,,,,
647,0.001518976,,,,,,,,,,,,,,,,,,,
646,0.000924751,,,,,,,,,,,,,,,,,,,
645,0.001180242,,,,,,,,,,,,,,,,,,,
644,0.000775796,,,,,,,,,,,,,,,,,,,
643,0.001452948,,,,,,,,,,,,,,,,,,,
642,0.000980346,,,,,,,,,,,,,,,,,,,
641,0.000652298,,,,,,,,,,,,,,,,,,,
640,0.001040931,,,,,,,,,,,,,,,,,,,
639,0.001508273,,,,,,,,,,,,,,,,,,,
638,0.001195064,,,,,,,,,,,,,,,,,,,
637,0.00098595,,,,,,,,,,,,,,,,,,,
636,0.001434612,,,,,,,,,,,,,,,,,,,
635,0.001110711,,,,,,,,,,,,,,,,,,,
634,0.001247007,,,,,,,,,,,,,,,,,,,
633,0.001442897,,,,,,,,,,,,,,,,,,,
632,0.001147279,,,,,,,,,,,,,,,,,,,
631,0.001573608,,,,,,,,,,,,,,,,,,,
630,0.001299944,,,,,,,,,,,,,,,,,,,
629,0.001431833,,,,,,,,,,,,,,,,,,,
628,0.001538459,,,,,,,,,,,,,,,,,,,
627,0.001279771,,,,,,,,,,,,,,,,,,,
626,0.00176494,,,,,,,,,,,,,,,,,,,
625,0.001413263,,,,,,,,,,,,,,,,,,,
624,0.001516196,,,,,,,,,,,,,,,,,,,
623,0.001420379,,,,,,,,,,,,,,,,,,,
622,0.001410173,,,,,,,,,,,,,,,,,,,
621,0.001495597,,,,,,,,,,,,,,,,,,,
620,0.001595925,,,,,,,,,,,,,,,,,,,
619,0.001317937,,,,,,,,,,,,,,,,,,,
618,0.001479675,,,,,,,,,,,,,,,,,,,
617,0.001253835,,,,,,,,,,,,,,,,,,,
616,0.001326583,,,,,,,,,,,,,,,,,,,
615,0.001443754,,,,,,,,,,,,,,,,,,,
614,0.00157075,,,,,,,,,,,,,,,,,,,
613,0.001316613,,,,,,,,,,,,,,,,,,,
612,0.001371479,,,,,,,,,,,,,,,,,,,
611,0.001758547,,,,,,,,,,,,,,,,,,,
610,0.001595692,,,,,,,,,,,,,,,,,,,
609,0.001488428,,,,,,,,,,,,,,,,,,,
608,0.001466896,,,,,,,,,,,,,,,,,,,
607,0.001115019,,,,,,,,,,,,,,,,,,,
606,0.001354756,,,,,,,,,,,,,,,,,,,
605,0.001309369,,,,,,,,,,,,,,,,,,,
604,0.001521547,,,,,,,,,,,,,,,,,,,
603,0.001449649,,,,,,,,,,,,,,,,,,,
602,0.000921067,,,,,,,,,,,,,,,,,,,
601,0.001196206,,,,,,,,,,,,,,,,,,,
600,0.001534068,,,,,,,,,,,,,,,,,,,
599,0.001230445,,,,,,,,,,,,,,,,,,,
598,0.000889446,,,,,,,,,,,,,,,,,,,
597,0.000943013,,,,,,,,,,,,,,,,,,,
596,0.000628007,,,,,,,,,,,,,,,,,,,
595,0.000855312,,,,,,,,,,,,,,,,,,,
594,0.001061767,,,,,,,,,,,,,,,,,,,
593,0.000643873,,,,,,,,,,,,,,,,,,,
592,0.000347581,,,,,,,,,,,,,,,,,,,
591,0.000562115,,,,,,,,,,,,,,,,,,,
590,0.000308282,,,,,,,,,,,,,,,,,,,
589,0.000522382,,,,,,,,,,,,,,,,,,,
588,0.000114871,,,,,,,,,,,,,,,,,,,
587,0.000470629,,,,,,,,,,,,,,,,,,,
586,0.000326363,,,,,,,,,,,,,,,,,,,
585,0.000470085,,,,,,,,,,,,,,,,,,,
584,0.000101226,,,,,,,,,,,,,,,,,,,
583,-0.000109225,,,,,,,,,,,,,,,,,,,
582,-0.000320764,,,,,,,,,,,,,,,,,,,
581,0.000141826,,,,,,,,,,,,,,,,,,,
580,-0.000501122,,,,,,,,,,,,,,,,,,,
579,-0.000361321,,,,,,,,,,,,,,,,,,,
578,-0.000498795,,,,,,,,,,,,,,,,,,,
577,-0.000796712,,,,,,,,,,,,,,,,,,,
576,-0.001114823,,,,,,,,,,,,,,,,,,,
575,-0.000817227,,,,,,,,,,,,,,,,,,,
574,-0.000811181,,,,,,,,,,,,,,,,,,,
573,-0.001345331,,,,,,,,,,,,,,,,,,,
572,-0.001165581,,,,,,,,,,,,,,,,,,,
571,-0.001245295,,,,,,,,,,,,,,,,,,,
570,-0.001437912,,,,,,,,,,,,,,,,,,,
569,-0.002258312,,,,,,,,,,,,,,,,,,,
568,-0.001725852,,,,,,,,,,,,,,,,,,,
567,-0.001809692,,,,,,,,,,,,,,,,,,,
566,-0.00226202,,,,,,,,,,,,,,,,,,,
565,-0.002041119,,,,,,,,,,,,,,,,,,,
564,-0.002360483,,,,,,,,,,,,,,,,,,,
563,-0.002522753,,,,,,,,,,,,,,,,,,,
562,-0.002552452,,,,,,,,,,,,,,,,,,,
561,-0.00286069,,,,,,,,,,,,,,,,,,,
560,-0.002971872,,,,,,,,,,,,,,,,,,,
559,-0.002924307,,,,,,,,,,,,,,,,,,,
558,-0.003016141,,,,,,,,,,,,,,,,,,,
557,-0.003540706,,,,,,,,,,,,,,,,,,,
556,-0.00372158,,,,,,,,,,,,,,,,,,,
555,-0.003847732,,,,,,,,,,,,,,,,,,,
554,-0.004168436,,,,,,,,,,,,,,,,,,,
553,-0.00421243,,,,,,,,,,,,,,,,,,,
552,-0.004547774,,,,,,,,,,,,,,,,,,,
551,-0.00426657,,,,,,,,,,,,,,,,,,,
550,-0.004587068,,,,,,,,,,,,,,,,,,,
549,-0.005250731,,,,,,,,,,,,,,,,,,,
548,-0.00517313,,,,,,,,,,,,,,,,,,,
547,-0.005152564,,,,,,,,,,,,,,,,,,,
546,-0.00544199,,,,,,,,,,,,,,,,,,,
545,-0.005670775,,,,,,,,,,,,,,,,,,,
544,-0.005676345,,,,,,,,,,,,,,,,,,,
543,-0.005847597,,,,,,,,,,,,,,,,,,,
542,-0.005814292,,,,,,,,,,,,,,,,,,,
541,-0.005988554,,,,,,,,,,,,,,,,,,,
540,-0.00631503,,,,,,,,,,,,,,,,,,,
539,-0.006111139,,,,,,,,,,,,,,,,,,,
538,-0.006085511,,,,,,,,,,,,,,,,,,,
537,-0.006061976,,,,,,,,,,,,,,,,,,,
536,-0.006150342,,,,,,,,,,,,,,,,,,,
535,-0.005834061,,,,,,,,,,,,,,,,,,,
534,-0.006097457,,,,,,,,,,,,,,,,,,,
533,-0.005938101,,,,,,,,,,,,,,,,,,,
532,-0.005416527,,,,,,,,,,,,,,,,,,,
531,-0.005151439,,,,,,,,,,,,,,,,,,,
530,-0.00493789,,,,,,,,,,,,,,,,,,,
529,-0.004786299,,,,,,,,,,,,,,,,,,,
528,-0.004412653,,,,,,,,,,,,,,,,,,,
527,-0.004058278,,,,,,,,,,,,,,,,,,,
526,-0.003644578,,,,,,,,,,,,,,,,,,,
525,-0.003163725,,,,,,,,,,,,,,,,,,,
524,-0.002675495,,,,,,,,,,,,,,,,,,,
523,-0.002176414,,,,,,,,,,,,,,,,,,,
522,-0.00173137,,,,,,,,,,,,,,,,,,,
521,-0.001499107,,,,,,,,,,,,,,,,,,,
520,-0.00089654,,,,,,,,,,,,,,,,,,,
519,-0.000377409,,,,,,,,,,,,,,,,,,,
518,0.000163941,,,,,,,,,,,,,,,,,,,
517,0.000616938,,,,,,,,,,,,,,,,,,,
516,0.001063791,,,,,,,,,,,,,,,,,,,
515,0.001510585,,,,,,,,,,,,,,,,,,,
514,0.001778248,,,,,,,,,,,,,,,,,,,
513,0.002599337,,,,,,,,,,,,,,,,,,,
512,0.003052354,,,,,,,,,,,,,,,,,,,
511,0.003342855,,,,,,,,,,,,,,,,,,,
510,0.003805005,,,,,,,,,,,,,,,,,,,
509,0.004327281,,,,,,,,,,,,,,,,,,,
508,0.00470158,,,,,,,,,,,,,,,,,,,
507,0.00500332,,,,,,,,,,,,,,,,,,,
506,0.005192764,,,,,,,,,,,,,,,,,,,
505,0.005732005,,,,,,,,,,,,,,,,,,,
504,0.005894634,,,,,,,,,,,,,,,,,,,
503,0.006083706,,,,,,,,,,,,,,,,,,,
502,0.006696709,,,,,,,,,,,,,,,,,,,
501,0.00718005,,,,,,,,,,,,,,,,,,,
500,0.007255693,,,,,,,,,,,,,,,,,,,
499,0.007178971,,,,,,,,,,,,,,,,,,,
498,0.007565325,,,,,,,,,,,,,,,,,,,
497,0.007639954,,,,,,,,,,,,,,,,,,,
496,0.007773414,,,,,,,,,,,,,,,,,,,
495,0.008047682,,,,,,,,,,,,,,,,,,,
494,0.007798082,,,,,,,,,,,,,,,,,,,
493,0.007887012,,,,,,,,,,,,,,,,,,,
492,0.008073051,,,,,,,,,,,,,,,,,,,
491,0.008174435,,,,,,,,,,,,,,,,,,,
490,0.008265264,,,,,,,,,,,,,,,,,,,
489,0.008203637,,,,,,,,,,,,,,,,,,,
488,0.008206407,,,,,,,,,,,,,,,,,,,
487,0.008015064,,,,,,,,,,,,,,,,,,,
486,0.008470258,,,,,,,,,,,,,,,,,,,
485,0.008349883,,,,,,,,,,,,,,,,,,,
484,0.008353499,,,,,,,,,,,,,,,,,,,
483,0.008404802,,,,,,,,,,,,,,,,,,,
482,0.008295527,,,,,,,,,,,,,,,,,,,
481,0.008477015,,,,,,,,,,,,,,,,,,,
480,0.008394773,,,,,,,,,,,,,,,,,,,
479,0.008718503,,,,,,,,,,,,,,,,,,,
478,0.009271793,,,,,,,,,,,,,,,,,,,
477,0.009338042,,,,,,,,,,,,,,,,,,,
476,0.009937171,,,,,,,,,,,,,,,,,,,
475,0.010598027,,,,,,,,,,,,,,,,,,,
474,0.010828462,,,,,,,,,,,,,,,,,,,
473,0.011327584,,,,,,,,,,,,,,,,,,,
472,0.01215635,,,,,,,,,,,,,,,,,,,
471,0.012908773,,,,,,,,,,,,,,,,,,,
470,0.013514187,,,,,,,,,,,,,,,,,,,
469,0.014455673,,,,,,,,,,,,,,,,,,,
468,0.014912662,,,,,,,,,,,,,,,,,,,
467,0.015989974,,,,,,,,,,,,,,,,,,,
466,0.016564688,,,,,,,,,,,,,,,,,,,
465,0.017341388,,,,,,,,,,,,,,,,,,,
464,0.01829065,,,,,,,,,,,,,,,,,,,
463,0.019099226,,,,,,,,,,,,,,,,,,,
462,0.019577893,,,,,,,,,,,,,,,,,,,
461,0.020400781,,,,,,,,,,,,,,,,,,,
460,0.020672528,,,,,,,,,,,,,,,,,,,
459,0.021636562,,,,,,,,,,,,,,,,,,,
458,0.0218897,,,,,,,,,,,,,,,,,,,
457,0.022647409,,,,,,,,,,,,,,,,,,,
456,0.023149472,,,,,,,,,,,,,,,,,,,
455,0.023717558,,,,,,,,,,,,,,,,,,,
454,0.024213715,,,,,,,,,,,,,,,,,,,
453,0.024522178,,,,,,,,,,,,,,,,,,,
452,0.025050901,,,,,,,,,,,,,,,,,,,
451,0.025630297,,,,,,,,,,,,,,,,,,,
450,0.026195042,,,,,,,,,,,,,,,,,,,
449,0.026657788,,,,,,,,,,,,,,,,,,,
448,0.027200665,,,,,,,,,,,,,,,,,,,
447,0.02741226,,,,,,,,,,,,,,,,,,,
446,0.027863279,,,,,,,,,,,,,,,,,,,
445,0.028177107,,,,,,,,,,,,,,,,,,,
444,0.028642856,,,,,,,,,,,,,,,,,,,
443,0.028948892,,,,,,,,,,,,,,,,,,,
442,0.029291751,,,,,,,,,,,,,,,,,,,
441,0.029451536,,,,,,,,,,,,,,,,,,,
440,0.029919541,,,,,,,,,,,,,,,,,,,
439,0.030216238,,,,,,,,,,,,,,,,,,,
438,0.030631648,,,,,,,,,,,,,,,,,,,
437,0.030722214,,,,,,,,,,,,,,,,,,,
436,0.031350769,,,,,,,,,,,,,,,,,,,
435,0.031304725,,,,,,,,,,,,,,,,,,,
434,0.031635527,,,,,,,,,,,,,,,,,,,
433,0.03181548,,,,,,,,,,,,,,,,,,,
432,0.032172039,,,,,,,,,,,,,,,,,,,
431,0.032638494,,,,,,,,,,,,,,,,,,,
430,0.032753538,,,,,,,,,,,,,,,,,,,
429,0.033233613,,,,,,,,,,,,,,,,,,,
428,0.033575624,,,,,,,,,,,,,,,,,,,
427,0.033915047,,,,,,,,,,,,,,,,,,,
426,0.034076292,,,,,,,,,,,,,,,,,,,
425,0.034398563,,,,,,,,,,,,,,,,,,,
424,0.034913648,,,,,,,,,,,,,,,,,,,
423,0.035399292,,,,,,,,,,,,,,,,,,,
422,0.035901502,,,,,,,,,,,,,,,,,,,
421,0.036056288,,,,,,,,,,,,,,,,,,,
420,0.036590546,,,,,,,,,,,,,,,,,,,
419,0.036977235,,,,,,,,,,,,,,,,,,,
418,0.03725135,,,,,,,,,,,,,,,,,,,
417,0.037651416,,,,,,,,,,,,,,,,,,,
416,0.038527578,,,,,,,,,,,,,,,,,,,
415,0.039057102,,,,,,,,,,,,,,,,,,,
414,0.039565407,,,,,,,,,,,,,,,,,,,
413,0.040160362,,,,,,,,,,,,,,,,,,,
412,0.041114364,,,,,,,,,,,,,,,,,,,
411,0.041399565,,,,,,,,,,,,,,,,,,,
410,0.041908681,,,,,,,,,,,,,,,,,,,
409,0.042449623,,,,,,,,,,,,,,,,,,,
408,0.043049287,,,,,,,,,,,,,,,,,,,
407,0.043584012,,,,,,,,,,,,,,,,,,,
406,0.044360414,,,,,,,,,,,,,,,,,,,
405,0.045110777,,,,,,,,,,,,,,,,,,,
404,0.045820754,,,,,,,,,,,,,,,,,,,
403,0.046694376,,,,,,,,,,,,,,,,,,,
402,0.047320373,,,,,,,,,,,,,,,,,,,
401,0.048479959,,,,,,,,,,,,,,,,,,,
400,0.048812091,,,,,,,,,,,,,,,,,,,
399,0.04998982,,,,,,,,,,,,,,,,,,,
398,0.051096462,,,,,,,,,,,,,,,,,,,
397,0.051892638,,,,,,,,,,,,,,,,,,,
396,0.053001866,,,,,,,,,,,,,,,,,,,
395,0.054149881,,,,,,,,,,,,,,,,,,,
394,0.054940134,,,,,,,,,,,,,,,,,,,
393,0.05647717,,,,,,,,,,,,,,,,,,,
392,0.057460766,,,,,,,,,,,,,,,,,,,
391,0.058713418,,,,,,,,,,,,,,,,,,,
390,0.060151849,,,,,,,,,,,,,,,,,,,
389,0.060928475,,,,,,,,,,,,,,,,,,,
388,0.062481124,,,,,,,,,,,,,,,,,,,
387,0.064251661,,,,,,,,,,,,,,,,,,,
386,0.06558679,,,,,,,,,,,,,,,,,,,
385,0.067146331,,,,,,,,,,,,,,,,,,,
384,0.068563394,,,,,,,,,,,,,,,,,,,
383,0.070040017,,,,,,,,,,,,,,,,,,,
382,0.07177797,,,,,,,,,,,,,,,,,,,
381,0.073415183,,,,,,,,,,,,,,,,,,,
380,0.075453997,,,,,,,,,,,,,,,,,,,
379,0.077133596,,,,,,,,,,,,,,,,,,,
378,0.078968249,,,,,,,,,,,,,,,,,,,
377,0.080595098,,,,,,,,,,,,,,,,,,,
376,0.082894407,,,,,,,,,,,,,,,,,,,
375,0.084885344,,,,,,,,,,,,,,,,,,,
374,0.086709365,,,,,,,,,,,,,,,,,,,
373,0.088914819,,,,,,,,,,,,,,,,,,,
372,0.091825336,,,,,,,,,,,,,,,,,,,
371,0.094128489,,,,,,,,,,,,,,,,,,,
370,0.096029386,,,,,,,,,,,,,,,,,,,
369,0.098592453,,,,,,,,,,,,,,,,,,,
368,0.101488464,,,,,,,,,,,,,,,,,,,
367,0.104213059,,,,,,,,,,,,,,,,,,,
366,0.10712482,,,,,,,,,,,,,,,,,,,
365,0.110207692,,,,,,,,,,,,,,,,,,,
364,0.11297784,,,,,,,,,,,,,,,,,,,
363,0.115795784,,,,,,,,,,,,,,,,,,,
362,0.118284002,,,,,,,,,,,,,,,,,,,
361,0.121570125,,,,,,,,,,,,,,,,,,,
360,0.125194192,,,,,,,,,,,,,,,,,,,
359,0.128510594,,,,,,,,,,,,,,,,,,,
358,0.131743237,,,,,,,,,,,,,,,,,,,
357,0.136297166,,,,,,,,,,,,,,,,,,,
356,0.139973253,,,,,,,,,,,,,,,,,,,
355,0.143800974,,,,,,,,,,,,,,,,,,,
354,0.147586495,,,,,,,,,,,,,,,,,,,
353,0.151732802,,,,,,,,,,,,,,,,,,,
352,0.155945763,,,,,,,,,,,,,,,,,,,
351,0.159968555,,,,,,,,,,,,,,,,,,,
350,0.163900659,,,,,,,,,,,,,,,,,,,
349,0.167327657,,,,,,,,,,,,,,,,,,,
348,0.170842707,,,,,,,,,,,,,,,,,,,
347,0.175909996,,,,,,,,,,,,,,,,,,,
346,0.179388851,,,,,,,,,,,,,,,,,,,
345,0.182893097,,,,,,,,,,,,,,,,,,,
344,0.18704927,,,,,,,,,,,,,,,,,,,
343,0.190684378,,,,,,,,,,,,,,,,,,,
342,0.195090056,,,,,,,,,,,,,,,,,,,
341,0.199763045,,,,,,,,,,,,,,,,,,,
340,0.204438061,,,,,,,,,,,,,,,,,,,
339,0.208739206,,,,,,,,,,,,,,,,,,,
338,0.213186875,,,,,,,,,,,,,,,,,,,
337,0.218406498,,,,,,,,,,,,,,,,,,,
336,0.223599076,,,,,,,,,,,,,,,,,,,
335,0.228217855,,,,,,,,,,,,,,,,,,,
334,0.233789727,,,,,,,,,,,,,,,,,,,
333,0.238565251,,,,,,,,,,,,,,,,,,,
332,0.243865594,,,,,,,,,,,,,,,,,,,
331,0.249115691,,,,,,,,,,,,,,,,,,,
330,0.252150804,,,,,,,,,,,,,,,,,,,
329,0.256555647,,,,,,,,,,,,,,,,,,,
328,0.261192143,,,,,,,,,,,,,,,,,,,
327,0.26648131,,,,,,,,,,,,,,,,,,,
326,0.270687729,,,,,,,,,,,,,,,,,,,
325,0.27414918,,,,,,,,,,,,,,,,,,,
324,0.278903902,,,,,,,,,,,,,,,,,,,
323,0.282078594,,,,,,,,,,,,,,,,,,,
322,0.287223071,,,,,,,,,,,,,,,,,,,
321,0.291386068,,,,,,,,,,,,,,,,,,,
320,0.295269132,,,,,,,,,,,,,,,,,,,
319,0.298977584,,,,,,,,,,,,,,,,,,,
318,0.303636134,,,,,,,,,,,,,,,,,,,
317,0.308307737,,,,,,,,,,,,,,,,,,,
316,0.313820928,,,,,,,,,,,,,,,,,,,
315,0.317223162,,,,,,,,,,,,,,,,,,,
314,0.321706444,,,,,,,,,,,,,,,,,,,
313,0.326591909,,,,,,,,,,,,,,,,,,,
312,0.331558973,,,,,,,,,,,,,,,,,,,
311,0.336174429,,,,,,,,,,,,,,,,,,,
310,0.34059608,,,,,,,,,,,,,,,,,,,
309,0.344453543,,,,,,,,,,,,,,,,,,,
308,0.349059701,,,,,,,,,,,,,,,,,,,
307,0.354547262,,,,,,,,,,,,,,,,,,,
306,0.359488905,,,,,,,,,,,,,,,,,,,
305,0.364001304,,,,,,,,,,,,,,,,,,,
304,0.368488014,,,,,,,,,,,,,,,,,,,
303,0.373189718,,,,,,,,,,,,,,,,,,,
302,0.379889846,,,,,,,,,,,,,,,,,,,
301,0.384187698,,,,,,,,,,,,,,,,,,,
300,0.388982117,,,,,,,,,,,,,,,,,,,
299,0.394073397,,,,,,,,,,,,,,,,,,,
298,0.400648415,,,,,,,,,,,,,,,,,,,
297,0.404925168,,,,,,,,,,,,,,,,,,,
296,0.41211009,,,,,,,,,,,,,,,,,,,
295,0.417493016,,,,,,,,,,,,,,,,,,,
294,0.422249258,,,,,,,,,,,,,,,,,,,
293,0.429279059,,,,,,,,,,,,,,,,,,,
292,0.436505586,,,,,,,,,,,,,,,,,,,
291,0.443600804,,,,,,,,,,,,,,,,,,,
290,0.449463069,,,,,,,,,,,,,,,,,,,
289,0.456717432,,,,,,,,,,,,,,,,,,,
288,0.464230865,,,,,,,,,,,,,,,,,,,
287,0.471719474,,,,,,,,,,,,,,,,,,,
286,0.477729559,,,,,,,,,,,,,,,,,,,
285,0.484007239,,,,,,,,,,,,,,,,,,,
284,0.490578651,,,,,,,,,,,,,,,,,,,
283,0.495256633,,,,,,,,,,,,,,,,,,,
282,0.499579221,,,,,,,,,,,,,,,,,,,
281,0.504899859,,,,,,,,,,,,,,,,,,,
280,0.509375334,,,,,,,,,,,,,,,,,,,
279,0.513225317,,,,,,,,,,,,,,,,,,,
278,0.517143905,,,,,,,,,,,,,,,,,,,
277,0.520961583,,,,,,,,,,,,,,,,,,,
276,0.523994505,,,,,,,,,,,,,,,,,,,
275,0.527450919,,,,,,,,,,,,,,,,,,,
274,0.53147006,,,,,,,,,,,,,,,,,,,
273,0.533419251,,,,,,,,,,,,,,,,,,,
272,0.53620255,,,,,,,,,,,,,,,,,,,
271,0.538519502,,,,,,,,,,,,,,,,,,,
270,0.541423678,,,,,,,,,,,,,,,,,,,
269,0.543986857,,,,,,,,,,,,,,,,,,,
268,0.547334909,,,,,,,,,,,,,,,,,,,
267,0.549887419,,,,,,,,,,,,,,,,,,,
266,0.551793218,,,,,,,,,,,,,,,,,,,
265,0.554674029,,,,,,,,,,,,,,,,,,,
264,0.556512296,,,,,,,,,,,,,,,,,,,
263,0.558642626,,,,,,,,,,,,,,,,,,,
262,0.560554802,,,,,,,,,,,,,,,,,,,
261,0.562655151,,,,,,,,,,,,,,,,,,,
260,0.564406633,,,,,,,,,,,,,,,,,,,
259,0.567078829,,,,,,,,,,,,,,,,,,,
258,0.569761992,,,,,,,,,,,,,,,,,,,
257,0.572201848,,,,,,,,,,,,,,,,,,,
256,0.574291885,,,,,,,,,,,,,,,,,,,
255,0.575721622,,,,,,,,,,,,,,,,,,,
254,0.578383386,,,,,,,,,,,,,,,,,,,
253,0.580161929,,,,,,,,,,,,,,,,,,,
252,0.581526518,,,,,,,,,,,,,,,,,,,
251,0.583761036,,,,,,,,,,,,,,,,,,,
250,0.586661637,,,,,,,,,,,,,,,,,,,
249,0.590780377,,,,,,,,,,,,,,,,,,,
248,0.593693852,,,,,,,,,,,,,,,,,,,
247,0.597336471,,,,,,,,,,,,,,,,,,,
246,0.603631675,,,,,,,,,,,,,,,,,,,
245,0.611983478,,,,,,,,,,,,,,,,,,,
244,0.619808376,,,,,,,,,,,,,,,,,,,
243,0.628792346,,,,,,,,,,,,,,,,,,,
242,0.636790633,,,,,,,,,,,,,,,,,,,
241,0.647611916,,,,,,,,,,,,,,,,,,,
240,0.660984576,,,,,,,,,,,,,,,,,,,
239,0.675548077,,,,,,,,,,,,,,,,,,,
238,0.690661848,,,,,,,,,,,,,,,,,,,
237,0.707026541,,,,,,,,,,,,,,,,,,,
236,0.722975195,,,,,,,,,,,,,,,,,,,
235,0.741352439,,,,,,,,,,,,,,,,,,,
234,0.760418296,,,,,,,,,,,,,,,,,,,
233,0.77992624,,,,,,,,,,,,,,,,,,,
232,0.803505957,,,,,,,,,,,,,,,,,,,
231,0.82097584,,,,,,,,,,,,,,,,,,,
230,0.845656455,,,,,,,,,,,,,,,,,,,
229,0.870481789,,,,,,,,,,,,,,,,,,,
228,0.889049292,,,,,,,,,,,,,,,,,,,
227,0.906954467,,,,,,,,,,,,,,,,,,,
226,0.933253706,,,,,,,,,,,,,,,,,,,
225,0.956291199,,,,,,,,,,,,,,,,,,,
224,0.980790556,,,,,,,,,,,,,,,,,,,
223,1.003361583,,,,,,,,,,,,,,,,,,,
222,1.029470563,,,,,,,,,,,,,,,,,,,
221,1.056322575,,,,,,,,,,,,,,,,,,,
220,1.075838089,,,,,,,,,,,,,,,,,,,
219,1.099108577,,,,,,,,,,,,,,,,,,,
218,1.12007153,,,,,,,,,,,,,,,,,,,
217,1.142445207,,,,,,,,,,,,,,,,,,,
216,1.169915676,,,,,,,,,,,,,,,,,,,
215,1.199571013,,,,,,,,,,,,,,,,,,,
214,1.231295705,,,,,,,,,,,,,,,,,,,
213,1.257721066,,,,,,,,,,,,,,,,,,,
212,1.295223594,,,,,,,,,,,,,,,,,,,
211,1.335997581,,,,,,,,,,,,,,,,,,,
210,1.386351585,,,,,,,,,,,,,,,,,,,
209,1.429024339,,,,,,,,,,,,,,,,,,,
208,1.48693347,,,,,,,,,,,,,,,,,,,
207,1.539344311,,,,,,,,,,,,,,,,,,,
206,1.600872874,,,,,,,,,,,,,,,,,,,
205,1.663869381,,,,,,,,,,,,,,,,,,,
204,1.738355517,,,,,,,,,,,,,,,,,,,
203,1.816140771,,,,,,,,,,,,,,,,,,,
202,1.85616076,,,,,,,,,,,,,,,,,,,
201,1.919962406,,,,,,,,,,,,,,,,,,,
200,1.964699507,,,,,,,,,,,,,,,,,,,