Wavelength (nm),Abs,,,,,,,,,,,,,,,,,,
800,-0.000943605,,,,,,,,,,,,,,,,,,
799,-0.001428624,,,,,,,,,,,,,,,,,,
798,0.000229333,,,,,,,,,,,,,,,,,,
797,-7.77E-07,,,,,,,,,,,,,,,,,,
796,-0.001575561,,,,,,,,,,,,,,,,,,
795,-0.000501432,,,,,,,,,,,,,,,,,,
794,-0.00012791,,,,,,,,,,,,,,,,,,
793,-0.00026199,,,,,,,,,,,,,,,,,,
792,-0.000465646,,,,,,,,,,,,,,,,,,
791,-0.00113238,,,,,,,,,,,,,,,,,,
790,0.000620256,,,,,,,,,,,,,,,,,,
789,0.00016508,,,,,,,,,,,,,,,,,,
788,-0.000582458,,,,,,,,,,,,,,,,,,
787,0.000537,,,,,,,,,,,,,,,,,,
786,-0.000714176,,,,,,,,,,,,,,,,,,
785,-9.15E-05,,,,,,,,,,,,,,,,,,
784,-0.000345854,,,,,,,,,,,,,,,,,,
783,-0.000738726,,,,,,,,,,,,,,,,,,
782,6.41E-05,,,,,,,,,,,,,,,,,,
781,0.000416161,,,,,,,,,,,,,,,,,,
780,0.000583992,,,,,,,,,,,,,,,,,,
779,-0.000150837,,,,,,,,,,,,,,,,,,
778,0.000527721,,,,,,,,,,,,,,,,,,
777,-0.000214128,,,,,,,,,,,,,,,,,,
776,-0.000148301,,,,,,,,,,,,,,,,,,
775,-0.00084172,,,,,,,,,,,,,,,,,,
774,-7.77E-07,,,,,,,,,,,,,,,,,,
773,-0.000943657,,,,,,,,,,,,,,,,,,
772,-0.000116212,,,,,,,,,,,,,,,,,,
771,-0.000499726,,,,,,,,,,,,,,,,,,
770,-0.000354493,,,,,,,,,,,,,,,,,,
769,-0.00039872,,,,,,,,,,,,,,,,,,
768,-0.001062457,,,,,,,,,,,,,,,,,,
767,-0.000511516,,,,,,,,,,,,,,,,,,
766,-0.00030664,,,,,,,,,,,,,,,,,,
765,-0.001383934,,,,,,,,,,,,,,,,,,
764,-0.000371615,,,,,,,,,,,,,,,,,,
763,-0.000939937,,,,,,,,,,,,,,,,,,
762,-0.001609864,,,,,,,,,,,,,,,,,,
761,-0.001491935,,,,,,,,,,,,,,,,,,
760,-0.001461287,,,,,,,,,,,,,,,,,,
759,-0.001774786,,,,,,,,,,,,,,,,,,
758,-0.001959232,,,,,,,,,,,,,,,,,,
757,-0.001768032,,,,,,,,,,,,,,,,,,
756,-0.002238483,,,,,,,,,,,,,,,,,,
755,-0.002143856,,,,,,,,,,,,,,,,,,
754,-0.003445182,,,,,,,,,,,,,,,,,,
753,-0.003541785,,,,,,,,,,,,,,,,,,
752,-0.004179409,,,,,,,,,,,,,,,,,,
751,-0.003898223,,,,,,,,,,,,,,,,,,
750,-0.004257598,,,,,,,,,,,,,,,,,,
749,-0.003993083,,,,,,,,,,,,,,,,,,
748,-0.00466544,,,,,,,,,,,,,,,,,,
747,-0.004756753,,,,,,,,,,,,,,,,,,
746,-0.005414227,,,,,,,,,,,,,,,,,,
745,-0.005749973,,,,,,,,,,,,,,,,,,
744,-0.004460107,,,,,,,,,,,,,,,,,,
743,-0.005152155,,,,,,,,,,,,,,,,,,
742,-0.006597155,,,,,,,,,,,,,,,,,,
741,-0.006174077,,,,,,,,,,,,,,,,,,
740,-0.006824976,,,,,,,,,,,,,,,,,,
739,-0.008072022,,,,,,,,,,,,,,,,,,
738,-0.008484321,,,,,,,,,,,,,,,,,,
737,-0.008293383,,,,,,,,,,,,,,,,,,
736,-0.008372257,,,,,,,,,,,,,,,,,,
735,-0.009127207,,,,,,,,,,,,,,,,,,
734,-0.010432774,,,,,,,,,,,,,,,,,,
733,-0.01175,,,,,,,,,,,,,,,,,,
732,-0.012368499,,,,,,,,,,,,,,,,,,
731,-0.012505142,,,,,,,,,,,,,,,,,,
730,-0.014074707,,,,,,,,,,,,,,,,,,
729,-0.014474839,,,,,,,,,,,,,,,,,,
728,-0.015205117,,,,,,,,,,,,,,,,,,
727,-0.016192909,,,,,,,,,,,,,,,,,,
726,-0.016636888,,,,,,,,,,,,,,,,,,
725,-0.017071005,,,,,,,,,,,,,,,,,,
724,-0.017506728,,,,,,,,,,,,,,,,,,
723,-0.017094849,,,,,,,,,,,,,,,,,,
722,-0.018082974,,,,,,,,,,,,,,,,,,
721,-0.018354582,,,,,,,,,,,,,,,,,,
720,-0.018266084,,,,,,,,,,,,,,,,,,
719,-0.018392697,,,,,,,,,,,,,,,,,,
718,-0.018595863,,,,,,,,,,,,,,,,,,
717,-0.018983578,,,,,,,,,,,,,,,,,,
716,-0.018534204,,,,,,,,,,,,,,,,,,
715,-0.018343117,,,,,,,,,,,,,,,,,,
714,-0.018258341,,,,,,,,,,,,,,,,,,
713,-0.018124936,,,,,,,,,,,,,,,,,,
712,-0.018050743,,,,,,,,,,,,,,,,,,
711,-0.017523238,,,,,,,,,,,,,,,,,,
710,-0.016613917,,,,,,,,,,,,,,,,,,
709,-0.015992805,,,,,,,,,,,,,,,,,,
708,-0.015338172,,,,,,,,,,,,,,,,,,
707,-0.014981802,,,,,,,,,,,,,,,,,,
706,-0.014336911,,,,,,,,,,,,,,,,,,
705,-0.013066758,,,,,,,,,,,,,,,,,,
704,-0.012685088,,,,,,,,,,,,,,,,,,
703,-0.011788848,,,,,,,,,,,,,,,,,,
702,-0.011114419,,,,,,,,,,,,,,,,,,
701,-0.010338551,,,,,,,,,,,,,,,,,,
700,-0.00929153,,,,,,,,,,,,,,,,,,
699,-0.008520824,,,,,,,,,,,,,,,,,,
698,-0.008285662,,,,,,,,,,,,,,,,,,
697,-0.006901875,,,,,,,,,,,,,,,,,,
696,-0.00653642,,,,,,,,,,,,,,,,,,
695,-0.005595395,,,,,,,,,,,,,,,,,,
694,-0.005588904,,,,,,,,,,,,,,,,,,
693,-0.004594496,,,,,,,,,,,,,,,,,,
692,-0.003951427,,,,,,,,,,,,,,,,,,
691,-0.002827001,,,,,,,,,,,,,,,,,,
690,-0.002698392,,,,,,,,,,,,,,,,,,
689,-0.001938667,,,,,,,,,,,,,,,,,,
688,-0.001400087,,,,,,,,,,,,,,,,,,
687,-0.001417065,,,,,,,,,,,,,,,,,,
686,-0.000759399,,,,,,,,,,,,,,,,,,
685,-0.000422409,,,,,,,,,,,,,,,,,,
684,-0.000230065,,,,,,,,,,,,,,,,,,
683,0.000358176,,,,,,,,,,,,,,,,,,
682,0.000706744,,,,,,,,,,,,,,,,,,
681,0.000610872,,,,,,,,,,,,,,,,,,
680,0.001406096,,,,,,,,,,,,,,,,,,
679,0.001395033,,,,,,,,,,,,,,,,,,
678,0.002271912,,,,,,,,,,,,,,,,,,
677,0.002747642,,,,,,,,,,,,,,,,,,
676,0.002883645,,,,,,,,,,,,,,,,,,
675,0.002692132,,,,,,,,,,,,,,,,,,
674,0.003010517,,,,,,,,,,,,,,,,,,
673,0.003569132,,,,,,,,,,,,,,,,,,
672,0.003592518,,,,,,,,,,,,,,,,,,
671,0.003446142,,,,,,,,,,,,,,,,,,
670,0.003151922,,,,,,,,,,,,,,,,,,
669,0.002683641,,,,,,,,,,,,,,,,,,
668,0.002341526,,,,,,,,,,,,,,,,,,
667,0.00278823,,,,,,,,,,,,,,,,,,
666,0.002667779,,,,,,,,,,,,,,,,,,
665,0.00307042,,,,,,,,,,,,,,,,,,
664,0.002334473,,,,,,,,,,,,,,,,,,
663,0.002248051,,,,,,,,,,,,,,,,,,
662,0.002864806,,,,,,,,,,,,,,,,,,
661,0.002262154,,,,,,,,,,,,,,,,,,
660,0.002423723,,,,,,,,,,,,,,,,,,
659,0.002203454,,,,,,,,,,,,,,,,,,
658,0.002033202,,,,,,,,,,,,,,,,,,
657,0.002377339,,,,,,,,,,,,,,,,,,
656,0.002242483,,,,,,,,,,,,,,,,,,
655,0.00260879,,,,,,,,,,,,,,,,,,
654,0.00220819,,,,,,,,,,,,,,,,,,
653,0.002447126,,,,,,,,,,,,,,,,,,
652,0.002820667,,,,,,,,,,,,,,,,,,
651,0.002349125,,,,,,,,,,,,,,,,,,
650,0.002202049,,,,,,,,,,,,,,,,,,
649,0.002413077,,,,,,,,,,,,,,,,,,
648,0.00244723,,,,,,,,,,,,,,,,,,
647,0.002229499,,,,,,,,,,,,,,,,,,
646,0.002736987,,,,,,,,,,,,,,,,,,
645,0.003011481,,,,,,,,,,,,,,,,,,
644,0.002222031,,,,,,,,,,,,,,,,,,
643,0.002287656,,,,,,,,,,,,,,,,,,
642,0.00249534,,,,,,,,,,,,,,,,,,
641,0.00194645,,,,,,,,,,,,,,,,,,
640,0.003048601,,,,,,,,,,,,,,,,,,
639,0.002229863,,,,,,,,,,,,,,,,,,
638,0.002021707,,,,,,,,,,,,,,,,,,
637,0.002580562,,,,,,,,,,,,,,,,,,
636,0.002860011,,,,,,,,,,,,,,,,,,
635,0.002732246,,,,,,,,,,,,,,,,,,
634,0.002768743,,,,,,,,,,,,,,,,,,
633,0.002645094,,,,,,,,,,,,,,,,,,
632,0.002619311,,,,,,,,,,,,,,,,,,
631,0.003002931,,,,,,,,,,,,,,,,,,
630,0.002774917,,,,,,,,,,,,,,,,,,
629,0.002458112,,,,,,,,,,,,,,,,,,
628,0.003031265,,,,,,,,,,,,,,,,,,
627,0.00269281,,,,,,,,,,,,,,,,,,
626,0.002652517,,,,,,,,,,,,,,,,,,
625,0.002821058,,,,,,,,,,,,,,,,,,
624,0.002756317,,,,,,,,,,,,,,,,,,
623,0.002985911,,,,,,,,,,,,,,,,,,
622,0.002730762,,,,,,,,,,,,,,,,,,
621,0.00288844,,,,,,,,,,,,,,,,,,
620,0.00309172,,,,,,,,,,,,,,,,,,
619,0.002466677,,,,,,,,,,,,,,,,,,
618,0.002789793,,,,,,,,,,,,,,,,,,
617,0.002555433,,,,,,,,,,,,,,,,,,
616,0.003199719,,,,,,,,,,,,,,,,,,
615,0.002737144,,,,,,,,,,,,,,,,,,
614,0.002607827,,,,,,,,,,,,,,,,,,
613,0.002614519,,,,,,,,,,,,,,,,,,
612,0.002499219,,,,,,,,,,,,,,,,,,
611,0.003203787,,,,,,,,,,,,,,,,,,
610,0.002320029,,,,,,,,,,,,,,,,,,
609,0.002731517,,,,,,,,,,,,,,,,,,
608,0.002925263,,,,,,,,,,,,,,,,,,
607,0.002530932,,,,,,,,,,,,,,,,,,
606,0.002800631,,,,,,,,,,,,,,,,,,
605,0.002930944,,,,,,,,,,,,,,,,,,
604,0.002675567,,,,,,,,,,,,,,,,,,
603,0.002392514,,,,,,,,,,,,,,,,,,
602,0.001787216,,,,,,,,,,,,,,,,,,
601,0.002257991,,,,,,,,,,,,,,,,,,
600,0.002550694,,,,,,,,,,,,,,,,,,
599,0.002683172,,,,,,,,,,,,,,,,,,
598,0.002382414,,,,,,,,,,,,,,,,,,
597,0.002115654,,,,,,,,,,,,,,,,,,
596,0.002167265,,,,,,,,,,,,,,,,,,
595,0.002042253,,,,,,,,,,,,,,,,,,
594,0.002100515,,,,,,,,,,,,,,,,,,
593,0.002016974,,,,,,,,,,,,,,,,,,
592,0.001668367,,,,,,,,,,,,,,,,,,
591,0.001862809,,,,,,,,,,,,,,,,,,
590,0.001805489,,,,,,,,,,,,,,,,,,
589,0.002074634,,,,,,,,,,,,,,,,,,
588,0.001660468,,,,,,,,,,,,,,,,,,
587,0.002002723,,,,,,,,,,,,,,,,,,
586,0.001693912,,,,,,,,,,,,,,,,,,
585,0.001770035,,,,,,,,,,,,,,,,,,
584,0.00182748,,,,,,,,,,,,,,,,,,
583,0.001551785,,,,,,,,,,,,,,,,,,
582,0.001496247,,,,,,,,,,,,,,,,,,
581,0.001320326,,,,,,,,,,,,,,,,,,
580,0.001183902,,,,,,,,,,,,,,,,,,
579,0.0010524,,,,,,,,,,,,,,,,,,
578,0.001040956,,,,,,,,,,,,,,,,,,
577,0.001093504,,,,,,,,,,,,,,,,,,
576,0.00065108,,,,,,,,,,,,,,,,,,
575,0.000414477,,,,,,,,,,,,,,,,,,
574,0.000576008,,,,,,,,,,,,,,,,,,
573,0.000571394,,,,,,,,,,,,,,,,,,
572,0.000221718,,,,,,,,,,,,,,,,,,
571,0.000375094,,,,,,,,,,,,,,,,,,
570,0.000301391,,,,,,,,,,,,,,,,,,
569,-0.000262818,,,,,,,,,,,,,,,,,,
568,-0.000178007,,,,,,,,,,,,,,,,,,
567,-0.000166363,,,,,,,,,,,,,,,,,,
566,-0.000210091,,,,,,,,,,,,,,,,,,
565,-0.000460112,,,,,,,,,,,,,,,,,,
564,-0.001032812,,,,,,,,,,,,,,,,,,
563,-0.000981056,,,,,,,,,,,,,,,,,,
562,-0.001014373,,,,,,,,,,,,,,,,,,
561,-0.000959619,,,,,,,,,,,,,,,,,,
560,-0.00149049,,,,,,,,,,,,,,,,,,
559,-0.00120544,,,,,,,,,,,,,,,,,,
558,-0.001603829,,,,,,,,,,,,,,,,,,
557,-0.001535014,,,,,,,,,,,,,,,,,,
556,-0.002072087,,,,,,,,,,,,,,,,,,
555,-0.002172035,,,,,,,,,,,,,,,,,,
554,-0.001984897,,,,,,,,,,,,,,,,,,
553,-0.002366662,,,,,,,,,,,,,,,,,,
552,-0.002474727,,,,,,,,,,,,,,,,,,
551,-0.003276473,,,,,,,,,,,,,,,,,,
550,-0.0030821,,,,,,,,,,,,,,,,,,
549,-0.003264861,,,,,,,,,,,,,,,,,,
548,-0.003328881,,,,,,,,,,,,,,,,,,
547,-0.003656745,,,,,,,,,,,,,,,,,,
546,-0.003701458,,,,,,,,,,,,,,,,,,
545,-0.003688112,,,,,,,,,,,,,,,,,,
544,-0.004055765,,,,,,,,,,,,,,,,,,
543,-0.004030837,,,,,,,,,,,,,,,,,,
542,-0.00412772,,,,,,,,,,,,,,,,,,
541,-0.004146386,,,,,,,,,,,,,,,,,,
540,-0.004326649,,,,,,,,,,,,,,,,,,
539,-0.004183717,,,,,,,,,,,,,,,,,,
538,-0.004245243,,,,,,,,,,,,,,,,,,
537,-0.004404709,,,,,,,,,,,,,,,,,,
536,-0.004272876,,,,,,,,,,,,,,,,,,
535,-0.003987595,,,,,,,,,,,,,,,,,,
534,-0.004028067,,,,,,,,,,,,,,,,,,
533,-0.003607664,,,,,,,,,,,,,,,,,,
532,-0.003593903,,,,,,,,,,,,,,,,,,
531,-0.003318554,,,,,,,,,,,,,,,,,,
530,-0.003228222,,,,,,,,,,,,,,,,,,
529,-0.002745004,,,,,,,,,,,,,,,,,,
528,-0.002413001,,,,,,,,,,,,,,,,,,
527,-0.002158693,,,,,,,,,,,,,,,,,,
526,-0.001895473,,,,,,,,,,,,,,,,,,
525,-0.001371549,,,,,,,,,,,,,,,,,,
524,-0.000806892,,,,,,,,,,,,,,,,,,
523,-0.000249624,,,,,,,,,,,,,,,,,,
522,-9.01E-06,,,,,,,,,,,,,,,,,,
521,0.000485789,,,,,,,,,,,,,,,,,,
520,0.001103418,,,,,,,,,,,,,,,,,,
519,0.001537523,,,,,,,,,,,,,,,,,,
518,0.002209959,,,,,,,,,,,,,,,,,,
517,0.002723963,,,,,,,,,,,,,,,,,,
516,0.003056343,,,,,,,,,,,,,,,,,,
515,0.00369696,,,,,,,,,,,,,,,,,,
514,0.004077144,,,,,,,,,,,,,,,,,,
513,0.004472306,,,,,,,,,,,,,,,,,,
512,0.004922518,,,,,,,,,,,,,,,,,,
511,0.005361036,,,,,,,,,,,,,,,,,,
510,0.006099641,,,,,,,,,,,,,,,,,,
509,0.006448514,,,,,,,,,,,,,,,,,,
508,0.006891995,,,,,,,,,,,,,,,,,,
507,0.007358677,,,,,,,,,,,,,,,,,,
506,0.007445517,,,,,,,,,,,,,,,,,,
505,0.007695968,,,,,,,,,,,,,,,,,,
504,0.008012823,,,,,,,,,,,,,,,,,,
503,0.008200049,,,,,,,,,,,,,,,,,,
502,0.008577966,,,,,,,,,,,,,,,,,,
501,0.008799856,,,,,,,,,,,,,,,,,,
500,0.008958591,,,,,,,,,,,,,,,,,,
499,0.009323601,,,,,,,,,,,,,,,,,,
498,0.009374278,,,,,,,,,,,,,,,,,,
497,0.009749883,,,,,,,,,,,,,,,,,,
496,0.009926843,,,,,,,,,,,,,,,,,,
495,0.009804448,,,,,,,,,,,,,,,,,,
494,0.010094813,,,,,,,,,,,,,,,,,,
493,0.010526229,,,,,,,,,,,,,,,,,,
492,0.010219197,,,,,,,,,,,,,,,,,,
491,0.010325722,,,,,,,,,,,,,,,,,,
490,0.010267884,,,,,,,,,,,,,,,,,,
489,0.010384284,,,,,,,,,,,,,,,,,,
488,0.010251186,,,,,,,,,,,,,,,,,,
487,0.010180426,,,,,,,,,,,,,,,,,,
486,0.010372275,,,,,,,,,,,,,,,,,,
485,0.010365673,,,,,,,,,,,,,,,,,,
484,0.010204329,,,,,,,,,,,,,,,,,,
483,0.010209948,,,,,,,,,,,,,,,,,,
482,0.010073167,,,,,,,,,,,,,,,,,,
481,0.010417028,,,,,,,,,,,,,,,,,,
480,0.010284158,,,,,,,,,,,,,,,,,,
479,0.010758057,,,,,,,,,,,,,,,,,,
478,0.011191036,,,,,,,,,,,,,,,,,,
477,0.01122068,,,,,,,,,,,,,,,,,,
476,0.011543732,,,,,,,,,,,,,,,,,,
475,0.011790123,,,,,,,,,,,,,,,,,,
474,0.012520089,,,,,,,,,,,,,,,,,,
473,0.013099536,,,,,,,,,,,,,,,,,,
472,0.013648342,,,,,,,,,,,,,,,,,,
471,0.014470312,,,,,,,,,,,,,,,,,,
470,0.015130495,,,,,,,,,,,,,,,,,,
469,0.015874265,,,,,,,,,,,,,,,,,,
468,0.016901834,,,,,,,,,,,,,,,,,,
467,0.017067194,,,,,,,,,,,,,,,,,,
466,0.017908154,,,,,,,,,,,,,,,,,,
465,0.018717559,,,,,,,,,,,,,,,,,,
464,0.019622792,,,,,,,,,,,,,,,,,,
463,0.020215299,,,,,,,,,,,,,,,,,,
462,0.021101542,,,,,,,,,,,,,,,,,,
461,0.021721432,,,,,,,,,,,,,,,,,,
460,0.022258036,,,,,,,,,,,,,,,,,,
459,0.022569446,,,,,,,,,,,,,,,,,,
458,0.023182154,,,,,,,,,,,,,,,,,,
457,0.023808224,,,,,,,,,,,,,,,,,,
456,0.024276234,,,,,,,,,,,,,,,,,,
455,0.024731979,,,,,,,,,,,,,,,,,,
454,0.025098674,,,,,,,,,,,,,,,,,,
453,0.025280822,,,,,,,,,,,,,,,,,,
452,0.02588789,,,,,,,,,,,,,,,,,,
451,0.026624016,,,,,,,,,,,,,,,,,,
450,0.027021512,,,,,,,,,,,,,,,,,,
449,0.027107939,,,,,,,,,,,,,,,,,,
448,0.027790969,,,,,,,,,,,,,,,,,,
447,0.027976016,,,,,,,,,,,,,,,,,,
446,0.028346097,,,,,,,,,,,,,,,,,,
445,0.028552474,,,,,,,,,,,,,,,,,,
444,0.028973684,,,,,,,,,,,,,,,,,,
443,0.029464694,,,,,,,,,,,,,,,,,,
442,0.0298917,,,,,,,,,,,,,,,,,,
441,0.029959477,,,,,,,,,,,,,,,,,,
440,0.029961752,,,,,,,,,,,,,,,,,,
439,0.030819718,,,,,,,,,,,,,,,,,,
438,0.030697515,,,,,,,,,,,,,,,,,,
437,0.030987682,,,,,,,,,,,,,,,,,,
436,0.031241408,,,,,,,,,,,,,,,,,,
435,0.031477638,,,,,,,,,,,,,,,,,,
434,0.031522475,,,,,,,,,,,,,,,,,,
433,0.031803891,,,,,,,,,,,,,,,,,,
432,0.031715356,,,,,,,,,,,,,,,,,,
431,0.032135103,,,,,,,,,,,,,,,,,,
430,0.032557324,,,,,,,,,,,,,,,,,,
429,0.032350458,,,,,,,,,,,,,,,,,,
428,0.033081677,,,,,,,,,,,,,,,,,,
427,0.033194885,,,,,,,,,,,,,,,,,,
426,0.033731621,,,,,,,,,,,,,,,,,,
425,0.033817768,,,,,,,,,,,,,,,,,,
424,0.034214485,,,,,,,,,,,,,,,,,,
423,0.034443568,,,,,,,,,,,,,,,,,,
422,0.035063643,,,,,,,,,,,,,,,,,,
421,0.035042457,,,,,,,,,,,,,,,,,,
420,0.035404291,,,,,,,,,,,,,,,,,,
419,0.035715971,,,,,,,,,,,,,,,,,,
418,0.036061265,,,,,,,,,,,,,,,,,,
417,0.036488276,,,,,,,,,,,,,,,,,,
416,0.036859628,,,,,,,,,,,,,,,,,,
415,0.037281472,,,,,,,,,,,,,,,,,,
414,0.037666012,,,,,,,,,,,,,,,,,,
413,0.038319264,,,,,,,,,,,,,,,,,,
412,0.03864063,,,,,,,,,,,,,,,,,,
411,0.039397407,,,,,,,,,,,,,,,,,,
410,0.039631311,,,,,,,,,,,,,,,,,,
409,0.039961398,,,,,,,,,,,,,,,,,,
408,0.040436581,,,,,,,,,,,,,,,,,,
407,0.040981241,,,,,,,,,,,,,,,,,,
406,0.041686688,,,,,,,,,,,,,,,,,,
405,0.042164106,,,,,,,,,,,,,,,,,,
404,0.042654846,,,,,,,,,,,,,,,,,,
403,0.043168213,,,,,,,,,,,,,,,,,,
402,0.043895237,,,,,,,,,,,,,,,,,,
401,0.044426102,,,,,,,,,,,,,,,,,,
400,0.044972431,,,,,,,,,,,,,,,,,,
399,0.045587752,,,,,,,,,,,,,,,,,,
398,0.046454653,,,,,,,,,,,,,,,,,,
397,0.047305938,,,,,,,,,,,,,,,,,,
396,0.048246942,,,,,,,,,,,,,,,,,,
395,0.048932169,,,,,,,,,,,,,,,,,,
394,0.049778983,,,,,,,,,,,,,,,,,,
393,0.050745472,,,,,,,,,,,,,,,,,,
392,0.051631894,,,,,,,,,,,,,,,,,,
391,0.052691005,,,,,,,,,,,,,,,,,,
390,0.053829465,,,,,,,,,,,,,,,,,,
389,0.054638155,,,,,,,,,,,,,,,,,,
388,0.055533361,,,,,,,,,,,,,,,,,,
387,0.056845486,,,,,,,,,,,,,,,,,,
386,0.058050971,,,,,,,,,,,,,,,,,,
385,0.059211124,,,,,,,,,,,,,,,,,,
384,0.060416572,,,,,,,,,,,,,,,,,,
383,0.061547544,,,,,,,,,,,,,,,,,,
382,0.062927209,,,,,,,,,,,,,,,,,,
381,0.064299658,,,,,,,,,,,,,,,,,,
380,0.065803967,,,,,,,,,,,,,,,,,,
379,0.067640856,,,,,,,,,,,,,,,,,,
378,0.069019176,,,,,,,,,,,,,,,,,,
377,0.070327178,,,,,,,,,,,,,,,,,,
376,0.072217762,,,,,,,,,,,,,,,,,,
375,0.073726855,,,,,,,,,,,,,,,,,,
374,0.0753287,,,,,,,,,,,,,,,,,,
373,0.077261269,,,,,,,,,,,,,,,,,,
372,0.079240404,,,,,,,,,,,,,,,,,,
371,0.081147589,,,,,,,,,,,,,,,,,,
370,0.083434179,,,,,,,,,,,,,,,,,,
369,0.086305402,,,,,,,,,,,,,,,,,,
368,0.088122025,,,,,,,,,,,,,,,,,,
367,0.090416379,,,,,,,,,,,,,,,,,,
366,0.09254618,,,,,,,,,,,,,,,,,,
365,0.095768414,,,,,,,,,,,,,,,,,,
364,0.098272383,,,,,,,,,,,,,,,,,,
363,0.099778436,,,,,,,,,,,,,,,,,,
362,0.102380857,,,,,,,,,,,,,,,,,,
361,0.104578532,,,,,,,,,,,,,,,,,,
360,0.107369408,,,,,,,,,,,,,,,,,,
359,0.110443063,,,,,,,,,,,,,,,,,,
358,0.112837978,,,,,,,,,,,,,,,,,,
357,0.115984708,,,,,,,,,,,,,,,,,,
356,0.119540893,,,,,,,,,,,,,,,,,,
355,0.122583091,,,,,,,,,,,,,,,,,,
354,0.125968278,,,,,,,,,,,,,,,,,,
353,0.128941491,,,,,,,,,,,,,,,,,,
352,0.132062078,,,,,,,,,,,,,,,,,,
351,0.135063678,,,,,,,,,,,,,,,,,,
350,0.138814569,,,,,,,,,,,,,,,,,,
349,0.141780391,,,,,,,,,,,,,,,,,,
348,0.144423649,,,,,,,,,,,,,,,,,,
347,0.148043886,,,,,,,,,,,,,,,,,,
346,0.150670722,,,,,,,,,,,,,,,,,,
345,0.153286442,,,,,,,,,,,,,,,,,,
344,0.156289816,,,,,,,,,,,,,,,,,,
343,0.159737781,,,,,,,,,,,,,,,,,,
342,0.163070902,,,,,,,,,,,,,,,,,,
341,0.166480467,,,,,,,,,,,,,,,,,,
340,0.169430077,,,,,,,,,,,,,,,,,,
339,0.17250602,,,,,,,,,,,,,,,,,,
338,0.176193804,,,,,,,,,,,,,,,,,,
337,0.179310694,,,,,,,,,,,,,,,,,,
336,0.183854416,,,,,,,,,,,,,,,,,,
335,0.185916722,,,,,,,,,,,,,,,,,,
334,0.189420626,,,,,,,,,,,,,,,,,,
333,0.192520246,,,,,,,,,,,,,,,,,,
332,0.195988298,,,,,,,,,,,,,,,,,,
331,0.199939758,,,,,,,,,,,,,,,,,,
330,0.20244126,,,,,,,,,,,,,,,,,,
329,0.206193686,,,,,,,,,,,,,,,,,,
328,0.207861021,,,,,,,,,,,,,,,,,,
327,0.210628271,,,,,,,,,,,,,,,,,,
326,0.214569166,,,,,,,,,,,,,,,,,,
325,0.216978222,,,,,,,,,,,,,,,,,,
324,0.21825248,,,,,,,,,,,,,,,,,,
323,0.220951065,,,,,,,,,,,,,,,,,,
322,0.223554164,,,,,,,,,,,,,,,,,,
321,0.225931093,,,,,,,,,,,,,,,,,,
320,0.228412464,,,,,,,,,,,,,,,,,,
319,0.231657401,,,,,,,,,,,,,,,,,,
318,0.234270707,,,,,,,,,,,,,,,,,,
317,0.236969322,,,,,,,,,,,,,,,,,,
316,0.23952128,,,,,,,,,,,,,,,,,,
315,0.241217017,,,,,,,,,,,,,,,,,,
314,0.244440123,,,,,,,,,,,,,,,,,,
313,0.246690065,,,,,,,,,,,,,,,,,,
312,0.249683589,,,,,,,,,,,,,,,,,,
311,0.252544284,,,,,,,,,,,,,,,,,,
310,0.255406499,,,,,,,,,,,,,,,,,,
309,0.258323759,,,,,,,,,,,,,,,,,,
308,0.261580974,,,,,,,,,,,,,,,,,,
307,0.264204025,,,,,,,,,,,,,,,,,,
306,0.268074393,,,,,,,,,,,,,,,,,,
305,0.270817995,,,,,,,,,,,,,,,,,,
304,0.274069399,,,,,,,,,,,,,,,,,,
303,0.277131558,,,,,,,,,,,,,,,,,,
302,0.280368716,,,,,,,,,,,,,,,,,,
301,0.284158737,,,,,,,,,,,,,,,,,,
300,0.288995951,,,,,,,,,,,,,,,,,,
299,0.292137206,,,,,,,,,,,,,,,,,,
298,0.29575631,,,,,,,,,,,,,,,,,,
297,0.29823184,,,,,,,,,,,,,,,,,,
296,0.304118305,,,,,,,,,,,,,,,,,,
295,0.308528721,,,,,,,,,,,,,,,,,,
294,0.312689066,,,,,,,,,,,,,,,,,,
293,0.315632433,,,,,,,,,,,,,,,,,,
292,0.320939481,,,,,,,,,,,,,,,,,,
291,0.325672686,,,,,,,,,,,,,,,,,,
290,0.330640227,,,,,,,,,,,,,,,,,,
289,0.336084843,,,,,,,,,,,,,,,,,,
288,0.343439013,,,,,,,,,,,,,,,,,,
287,0.346948028,,,,,,,,,,,,,,,,,,
286,0.352051169,,,,,,,,,,,,,,,,,,
285,0.356981546,,,,,,,,,,,,,,,,,,
284,0.361494601,,,,,,,,,,,,,,,,,,
283,0.365610659,,,,,,,,,,,,,,,,,,
282,0.36946699,,,,,,,,,,,,,,,,,,
281,0.373587638,,,,,,,,,,,,,,,,,,
280,0.376896173,,,,,,,,,,,,,,,,,,
279,0.380541354,,,,,,,,,,,,,,,,,,
278,0.384173691,,,,,,,,,,,,,,,,,,
277,0.387492657,,,,,,,,,,,,,,,,,,
276,0.390143096,,,,,,,,,,,,,,,,,,
275,0.391851366,,,,,,,,,,,,,,,,,,
274,0.393781662,,,,,,,,,,,,,,,,,,
273,0.396112472,,,,,,,,,,,,,,,,,,
272,0.398271352,,,,,,,,,,,,,,,,,,
271,0.400377423,,,,,,,,,,,,,,,,,,
270,0.403178871,,,,,,,,,,,,,,,,,,
269,0.405158907,,,,,,,,,,,,,,,,,,
268,0.407574028,,,,,,,,,,,,,,,,,,
267,0.410259277,,,,,,,,,,,,,,,,,,
266,0.413846493,,,,,,,,,,,,,,,,,,
265,0.415406764,,,,,,,,,,,,,,,,,,
264,0.417437673,,,,,,,,,,,,,,,,,,
263,0.419764936,,,,,,,,,,,,,,,,,,
262,0.422457606,,,,,,,,,,,,,,,,,,
261,0.426064014,,,,,,,,,,,,,,,,,,
260,0.427948207,,,,,,,,,,,,,,,,,,
259,0.432002634,,,,,,,,,,,,,,,,,,
258,0.436335981,,,,,,,,,,,,,,,,,,
257,0.440067381,,,,,,,,,,,,,,,,,,
256,0.444495589,,,,,,,,,,,,,,,,,,
255,0.448611438,,,,,,,,,,,,,,,,,,
254,0.451768249,,,,,,,,,,,,,,,,,,
253,0.455341458,,,,,,,,,,,,,,,,,,
252,0.458945662,,,,,,,,,,,,,,,,,,
251,0.46387437,,,,,,,,,,,,,,,,,,
250,0.468313962,,,,,,,,,,,,,,,,,,
249,0.474058986,,,,,,,,,,,,,,,,,,
248,0.479212195,,,,,,,,,,,,,,,,,,
247,0.484997958,,,,,,,,,,,,,,,,,,
246,0.49347052,,,,,,,,,,,,,,,,,,
245,0.503393233,,,,,,,,,,,,,,,,,,
244,0.511169255,,,,,,,,,,,,,,,,,,
243,0.520328939,,,,,,,,,,,,,,,,,,
242,0.53054899,,,,,,,,,,,,,,,,,,
241,0.542632997,,,,,,,,,,,,,,,,,,
240,0.55400157,,,,,,,,,,,,,,,,,,
239,0.568790913,,,,,,,,,,,,,,,,,,
238,0.582954526,,,,,,,,,,,,,,,,,,
237,0.603176653,,,,,,,,,,,,,,,,,,
236,0.614581049,,,,,,,,,,,,,,,,,,
235,0.636720777,,,,,,,,,,,,,,,,,,
234,0.652548969,,,,,,,,,,,,,,,,,,
233,0.665845752,,,,,,,,,,,,,,,,,,
232,0.68837148,,,,,,,,,,,,,,,,,,
231,0.710771442,,,,,,,,,,,,,,,,,,
230,0.725623906,,,,,,,,,,,,,,,,,,
229,0.743899941,,,,,,,,,,,,,,,,,,
228,0.762715221,,,,,,,,,,,,,,,,,,
227,0.771329403,,,,,,,,,,,,,,,,,,
226,0.802789331,,,,,,,,,,,,,,,,,,
225,0.825340748,,,,,,,,,,,,,,,,,,
224,0.846541882,,,,,,,,,,,,,,,,,,
223,0.869370282,,,,,,,,,,,,,,,,,,
222,0.895306587,,,,,,,,,,,,,,,,,,
221,0.916396618,,,,,,,,,,,,,,,,,,
220,0.936338067,,,,,,,,,,,,,,,,,,
219,0.950874686,,,,,,,,,,,,,,,,,,
218,0.971907377,,,,,,,,,,,,,,,,,,
217,0.993846297,,,,,,,,,,,,,,,,,,
216,1.018371224,,,,,,,,,,,,,,,,,,
215,1.042956114,,,,,,,,,,,,,,,,,,
214,1.073144555,,,,,,,,,,,,,,,,,,
213,1.09636271,,,,,,,,,,,,,,,,,,
212,1.128186584,,,,,,,,,,,,,,,,,,
211,1.164197326,,,,,,,,,,,,,,,,,,
210,1.213827252,,,,,,,,,,,,,,,,,,
209,1.253563762,,,,,,,,,,,,,,,,,,
208,1.325029731,,,,,,,,,,,,,,,,,,
207,1.35477984,,,,,,,,,,,,,,,,,,
206,1.418563843,,,,,,,,,,,,,,,,,,
205,1.491200089,,,,,,,,,,,,,,,,,,
204,1.566395283,,,,,,,,,,,,,,,,,,
203,1.623214245,,,,,,,,,,,,,,,,,,
202,1.685639501,,,,,,,,,,,,,,,,,,
201,1.750571609,,,,,,,,,,,,,,,,,,
200,1.807983041,,,,,,,,,,,,,,,,,,